workoutId,exerciseName,workoutDate,reps,weight
cRRDVDRD27,Back Squat,2020-01-06 14:44:55.480 UTC,5,74.842830056880558
cRRDVDRD27,Good Morning,2020-01-06 14:44:55.480 UTC,12,38.555397302029377
cRRDVDRD27,Back Squat,2020-01-06 14:44:55.480 UTC,10,14.968566011376112
cRRDVDRD27,Toe Touchers,2020-01-06 14:44:55.480 UTC,16,0.0
cRRDVDRD27,Tuck Crunch,2020-01-06 14:44:55.480 UTC,18,0.0
cRRDVDRD27,Good Morning,2020-01-06 14:44:55.480 UTC,10,14.968566011376112
cRRDVDRD27,Good Morning,2020-01-06 14:44:55.480 UTC,5,24.947610018960187
cRRDVDRD27,Running - Treadmill,2020-01-06 14:44:55.480 UTC,0,0.0
cRRDVDRD27,Back Squat,2020-01-06 14:44:55.480 UTC,5,74.842830056880558
VuVn8LOuDZ,Running - Treadmill,2020-01-06 14:44:55.480 UTC,0,0.0
cRRDVDRD27,Toe Touchers,2020-01-06 14:44:55.480 UTC,16,0.0
cRRDVDRD27,Back Squat,2020-01-06 14:44:55.480 UTC,5,74.842830056880558
cRRDVDRD27,Toe Touchers,2020-01-06 14:44:55.480 UTC,16,0.0
cRRDVDRD27,Back Squat,2020-01-06 14:44:55.480 UTC,3,68.038936415345958
cRRDVDRD27,Back Squat,2020-01-06 14:44:55.480 UTC,5,74.842830056880558
cRRDVDRD27,Step Up,2020-01-06 14:44:55.480 UTC,15,0.0
cRRDVDRD27,Step Up,2020-01-06 14:44:55.480 UTC,15,0.0
cRRDVDRD27,Tuck Crunch,2020-01-06 14:44:55.480 UTC,18,0.0
cRRDVDRD27,Good Morning,2020-01-06 14:44:55.480 UTC,12,38.555397302029377
cRRDVDRD27,Tuck Crunch,2020-01-06 14:44:55.480 UTC,16,0.0
cRRDVDRD27,Back Squat,2020-01-06 14:44:55.480 UTC,5,74.842830056880558
cRRDVDRD27,Good Morning,2020-01-06 14:44:55.480 UTC,12,38.555397302029377
cRRDVDRD27,Back Squat,2020-01-06 14:44:55.480 UTC,10,43.091326396385774
cRRDVDRD27,Step Up,2020-01-06 14:44:55.480 UTC,15,0.0
dMfzqlnigl,Incline Dumbbell Row,2020-01-04 21:31:09.387 UTC,10,9.0718581887127954
dMfzqlnigl,Elliptical,2020-01-04 21:31:09.387 UTC,0,0.0
dMfzqlnigl,Machine Row,2020-01-04 21:31:09.387 UTC,10,31.75150366049478
dMfzqlnigl,Mini Loop Band Kneeling Bicep Curl,2020-01-04 21:31:09.387 UTC,8,0.0
dMfzqlnigl,Reverse Grip Barbell Bent Over Row,2020-01-04 21:31:09.387 UTC,8,43.091326396385774
dMfzqlnigl,Incline Dumbbell Row,2020-01-04 21:31:09.387 UTC,10,9.0718581887127954
dMfzqlnigl,Pull Up,2020-01-04 21:31:09.387 UTC,10,0.0
dMfzqlnigl,Supine Back Stretch,2020-01-04 21:31:09.387 UTC,0,0.0
dMfzqlnigl,Mini Loop Band Kneeling Row,2020-01-04 21:31:09.387 UTC,8,0.0
dMfzqlnigl,Foam Roll Lower Back,2020-01-04 21:31:09.387 UTC,8,0.0
dMfzqlnigl,Back Extensions,2020-01-04 21:31:09.387 UTC,22,0.0
dMfzqlnigl,Incline Hammer Curl,2020-01-04 21:31:09.387 UTC,8,5.6699113679454971
dBspU3IHOu,Foam Roll Lower Back,2020-01-04 21:31:09.387 UTC,8,0.0
dMfzqlnigl,Pull Up,2020-01-04 21:31:09.387 UTC,12,0.0
dMfzqlnigl,Pull Up,2020-01-04 21:31:09.387 UTC,12,0.0
dMfzqlnigl,Incline Dumbbell Row,2020-01-04 21:31:09.387 UTC,10,9.0718581887127954
dMfzqlnigl,Foam Roll Lats,2020-01-04 21:31:09.387 UTC,8,0.0
dMfzqlnigl,Dumbbell Bicep Curl,2020-01-04 21:31:09.387 UTC,11,11.339822735890994
dMfzqlnigl,Reverse Grip Barbell Bent Over Row,2020-01-04 21:31:09.387 UTC,10,20.41168092460379
dMfzqlnigl,Incline Hammer Curl,2020-01-04 21:31:09.387 UTC,12,6.8038936415345965
dMfzqlnigl,Back Extensions,2020-01-04 21:31:09.387 UTC,22,0.0
dMfzqlnigl,Running - Treadmill,2020-01-04 21:31:09.387 UTC,0,0.0
dMfzqlnigl,Dumbbell Bicep Curl,2020-01-04 21:31:09.387 UTC,11,11.339822735890994
dMfzqlnigl,Pull Up,2020-01-04 21:31:09.387 UTC,12,0.0
dMfzqlnigl,Reverse Grip Barbell Bent Over Row,2020-01-04 21:31:09.387 UTC,8,43.091326396385774
dMfzqlnigl,Lateral Isometric Neck,2020-01-04 21:31:09.387 UTC,0,0.0
dMfzqlnigl,Machine Row,2020-01-04 21:31:09.387 UTC,10,38.555397302029377
dMfzqlnigl,Jackknife Sit-Up,2020-01-04 21:31:09.387 UTC,15,0.0
dMfzqlnigl,Cat Cow,2020-01-04 21:31:09.387 UTC,8,0.0
dMfzqlnigl,Reverse Grip Barbell Bent Over Row,2020-01-04 21:31:09.387 UTC,8,43.091326396385774
dMfzqlnigl,Reach Behind and Open,2020-01-04 21:31:09.387 UTC,0,0.0
dMfzqlnigl,Dumbbell Bicep Curl,2020-01-04 21:31:09.387 UTC,11,11.339822735890994
dMfzqlnigl,Dumbbell Bicep Curl,2020-01-04 21:31:09.387 UTC,11,11.339822735890994
dMfzqlnigl,Reverse Grip Barbell Bent Over Row,2020-01-04 21:31:09.387 UTC,8,43.091326396385774
dMfzqlnigl,Reach Behind and Open,2020-01-04 21:31:09.387 UTC,0,0.0
dMfzqlnigl,Cat Cow,2020-01-04 21:31:09.387 UTC,8,0.0
dMfzqlnigl,Mini Loop Band Kneeling Bicep Curl,2020-01-04 21:31:09.387 UTC,8,0.0
dMfzqlnigl,Pull Up,2020-01-04 21:31:09.387 UTC,12,0.0
dMfzqlnigl,Incline Hammer Curl,2020-01-04 21:31:09.387 UTC,12,6.8038936415345965
dMfzqlnigl,Mini Loop Band Kneeling Row,2020-01-04 21:31:09.387 UTC,8,0.0
dMfzqlnigl,Incline Hammer Curl,2020-01-04 21:31:09.387 UTC,8,4.5359290943563977
dMfzqlnigl,Supine Back Stretch,2020-01-04 21:31:09.387 UTC,0,0.0
dBspU3IHOu,Elliptical,2020-01-04 21:31:09.387 UTC,0,0.0
dMfzqlnigl,Jackknife Sit-Up,2020-01-04 21:31:09.387 UTC,15,0.0
dMfzqlnigl,Incline Dumbbell Row,2020-01-04 21:31:09.387 UTC,10,9.0718581887127954
dMfzqlnigl,Machine Row,2020-01-04 21:31:09.387 UTC,10,24.947610018960187
Bum5jOsTTY,Dumbbell Shoulder Raise,2020-01-03 14:49:02.761 UTC,11,5.6699113679454971
Bum5jOsTTY,Hanging Knee Raise,2020-01-03 14:49:02.761 UTC,21,0.0
Bum5jOsTTY,Close-Grip Bench Press,2020-01-03 14:49:02.761 UTC,8,52.16318458509857
Bum5jOsTTY,Barbell Bench Press,2020-01-03 14:49:02.761 UTC,4,68.038936415345958
Bum5jOsTTY,Iron Cross,2020-01-03 14:49:02.761 UTC,5,4.5359290943563977
Bum5jOsTTY,Barbell Bench Press,2020-01-03 14:49:02.761 UTC,8,40.823361849207579
Bum5jOsTTY,Close-Grip Bench Press,2020-01-03 14:49:02.761 UTC,10,20.41168092460379
Bum5jOsTTY,Stair Stepper,2020-01-03 14:49:02.761 UTC,0,0.0
Bum5jOsTTY,Close-Grip Bench Press,2020-01-03 14:49:02.761 UTC,5,38.555397302029377
Bum5jOsTTY,Close-Grip Bench Press,2020-01-03 14:49:02.761 UTC,8,52.16318458509857
Bum5jOsTTY,Close-Grip Bench Press,2020-01-03 14:49:02.761 UTC,8,52.16318458509857
Bum5jOsTTY,Hanging Knee Raise,2020-01-03 14:49:02.761 UTC,21,0.0
Bum5jOsTTY,Close-Grip Bench Press,2020-01-03 14:49:02.761 UTC,8,52.16318458509857
Bum5jOsTTY,Iron Cross,2020-01-03 14:49:02.761 UTC,5,4.5359290943563977
Bum5jOsTTY,Dumbbell Shoulder Raise,2020-01-03 14:49:02.761 UTC,11,5.6699113679454971
Bum5jOsTTY,Dumbbell Shoulder Raise,2020-01-03 14:49:02.761 UTC,11,5.6699113679454971
Bum5jOsTTY,Dumbbell Kickbacks,2020-01-03 14:49:02.761 UTC,12,4.5359290943563977
Bum5jOsTTY,Iron Cross,2020-01-03 14:49:02.761 UTC,5,4.5359290943563977
Bum5jOsTTY,Close-Grip Bench Press,2020-01-03 14:49:02.761 UTC,8,52.16318458509857
Bum5jOsTTY,Dumbbell Kickbacks,2020-01-03 14:49:02.761 UTC,8,3.4019468207672983
Bum5jOsTTY,Dumbbell Kickbacks,2020-01-03 14:49:02.761 UTC,8,4.5359290943563977
Bum5jOsTTY,Iron Cross,2020-01-03 14:49:02.761 UTC,5,4.5359290943563977
Bum5jOsTTY,Barbell Bench Press,2020-01-03 14:49:02.761 UTC,5,88.450617339949744
Bum5jOsTTY,Hanging Knee Raise,2020-01-03 14:49:02.761 UTC,21,0.0
Bum5jOsTTY,Iron Cross,2020-01-03 14:49:02.761 UTC,5,4.5359290943563977
Bum5jOsTTY,Barbell Bench Press,2020-01-03 14:49:02.761 UTC,7,88.450617339949744
Bum5jOsTTY,Barbell Bench Press,2020-01-03 14:49:02.761 UTC,4,77.110794604058754
Bum5jOsTTY,Dumbbell Shoulder Raise,2020-01-03 14:49:02.761 UTC,11,5.6699113679454971
Bum5jOsTTY,Dumbbell Kickbacks,2020-01-03 14:49:02.761 UTC,12,4.5359290943563977
Bum5jOsTTY,Barbell Bench Press,2020-01-03 14:49:02.761 UTC,8,20.41168092460379
fWUyKgDRUe,Back Squat,2020-01-02 14:38:44.371 UTC,8,70.306900962524153
fWUyKgDRUe,Deadlift,2020-01-02 14:38:44.371 UTC,12,74.842830056880558
fWUyKgDRUe,Running - Treadmill,2020-01-02 14:38:44.371 UTC,0,0.0
fWUyKgDRUe,Cable Hip Extension,2020-01-02 14:38:44.371 UTC,15,6.8038936415345965
3RNsma5xIJ,Running - Treadmill,2020-01-02 14:38:44.371 UTC,0,0.0
fWUyKgDRUe,Back Squat,2020-01-02 14:38:44.371 UTC,8,70.306900962524153
fWUyKgDRUe,Cable Crunch,2020-01-02 14:38:44.371 UTC,12,52.16318458509857
fWUyKgDRUe,Deadlift,2020-01-02 14:38:44.371 UTC,12,74.842830056880558
fWUyKgDRUe,Deadlift,2020-01-02 14:38:44.371 UTC,12,74.842830056880558
fWUyKgDRUe,Back Squat,2020-01-02 14:38:44.371 UTC,8,70.306900962524153
fWUyKgDRUe,Cable Hip Extension,2020-01-02 14:38:44.371 UTC,15,6.8038936415345965
fWUyKgDRUe,Cable Crunch,2020-01-02 14:38:44.371 UTC,12,52.16318458509857
fWUyKgDRUe,Back Squat,2020-01-02 14:38:44.371 UTC,10,20.41168092460379
fWUyKgDRUe,Deadlift,2020-01-02 14:38:44.371 UTC,8,45.359290943563977
fWUyKgDRUe,Cable Hip Extension,2020-01-02 14:38:44.371 UTC,15,6.8038936415345965
fWUyKgDRUe,Back Squat,2020-01-02 14:38:44.371 UTC,8,40.823361849207579
fWUyKgDRUe,Deadlift,2020-01-02 14:38:44.371 UTC,12,74.842830056880558
fWUyKgDRUe,Cable Hip Extension,2020-01-02 14:38:44.371 UTC,15,6.8038936415345965
fWUyKgDRUe,Deadlift,2020-01-02 14:38:44.371 UTC,10,20.41168092460379
O0BJTqSsmB,Cycling - Stationary,2019-12-31 23:00:46.098 UTC,0,0.0
O0BJTqSsmB,Dumbbell Front Raise,2019-12-31 23:00:46.098 UTC,15,5.6699113679454971
O0BJTqSsmB,Exercise Ball Pull In,2019-12-31 23:00:46.098 UTC,15,0.0
O0BJTqSsmB,Dumbbell Front Raise,2019-12-31 23:00:46.098 UTC,15,5.6699113679454971
O0BJTqSsmB,Close-Grip Bench Press,2019-12-31 23:00:46.098 UTC,8,54.431149132276772
O0BJTqSsmB,Close-Grip Bench Press,2019-12-31 23:00:46.098 UTC,8,54.431149132276772
O0BJTqSsmB,Cable Face Pull,2019-12-31 23:00:46.098 UTC,15,43.091326396385774
O0BJTqSsmB,Close-Grip Bench Press,2019-12-31 23:00:46.098 UTC,8,54.431149132276772
O0BJTqSsmB,Barbell Bench Press,2019-12-31 23:00:46.098 UTC,8,49.895220037920375
O0BJTqSsmB,Cable Face Pull,2019-12-31 23:00:46.098 UTC,8,29.483539113316585
O0BJTqSsmB,Close-Grip Bench Press,2019-12-31 23:00:46.098 UTC,5,40.823361849207579
O0BJTqSsmB,Superman,2019-12-31 23:00:46.098 UTC,20,0.0
O0BJTqSsmB,Cable Face Pull,2019-12-31 23:00:46.098 UTC,15,43.091326396385774
O0BJTqSsmB,Cable Face Pull,2019-12-31 23:00:46.098 UTC,15,43.091326396385774
O0BJTqSsmB,Barbell Bench Press,2019-12-31 23:00:46.098 UTC,6,83.914688245593354
O0BJTqSsmB,Barbell Bench Press,2019-12-31 23:00:46.098 UTC,6,83.914688245593354
O0BJTqSsmB,Superman,2019-12-31 23:00:46.098 UTC,20,0.0
O0BJTqSsmB,Close-Grip Bench Press,2019-12-31 23:00:46.098 UTC,10,20.41168092460379
O0BJTqSsmB,Barbell Bench Press,2019-12-31 23:00:46.098 UTC,6,83.914688245593354
O0BJTqSsmB,Dumbbell Front Raise,2019-12-31 23:00:46.098 UTC,15,5.6699113679454971
O0BJTqSsmB,Close-Grip Bench Press,2019-12-31 23:00:46.098 UTC,8,54.431149132276772
Za08dUC469,Cycling - Stationary,2019-12-31 23:00:46.098 UTC,0,0.0
O0BJTqSsmB,Dumbbell Front Raise,2019-12-31 23:00:46.098 UTC,15,5.6699113679454971
O0BJTqSsmB,Cable Face Pull,2019-12-31 23:00:46.098 UTC,15,43.091326396385774
O0BJTqSsmB,Superman,2019-12-31 23:00:46.098 UTC,20,0.0
O0BJTqSsmB,Barbell Bench Press,2019-12-31 23:00:46.098 UTC,10,20.41168092460379
O0BJTqSsmB,Handstand Walk,2019-12-31 23:00:46.098 UTC,4,0.0
O0BJTqSsmB,Exercise Ball Pull In,2019-12-31 23:00:46.098 UTC,15,0.0
O0BJTqSsmB,Barbell Bench Press,2019-12-31 23:00:46.098 UTC,6,83.914688245593354
O0BJTqSsmB,Exercise Ball Pull In,2019-12-31 23:00:46.098 UTC,15,0.0
OK8lyEQPLu,TRX Bicep Curl,2019-12-31 02:14:19.577 UTC,15,0.0
OK8lyEQPLu,TRX Bicep Curl,2019-12-31 02:14:19.577 UTC,15,0.0
OK8lyEQPLu,Side Bridge,2019-12-31 02:14:19.577 UTC,0,0.0
OK8lyEQPLu,Dumbbell Bicep Curl,2019-12-31 02:14:19.577 UTC,8,11.339822735890994
OK8lyEQPLu,Dumbbell Bicep Curl,2019-12-31 02:14:19.577 UTC,8,13.607787283069193
OK8lyEQPLu,Chin Up,2019-12-31 02:14:19.577 UTC,13,0.0
OK8lyEQPLu,TRX Row,2019-12-31 02:14:19.577 UTC,15,0.0
OK8lyEQPLu,Chin Up,2019-12-31 02:14:19.577 UTC,13,0.0
OK8lyEQPLu,Side Bridge,2019-12-31 02:14:19.577 UTC,0,0.0
SdA2P8587T,Rowing,2019-12-31 02:14:19.577 UTC,0,0.0
OK8lyEQPLu,TRX Bicep Curl,2019-12-31 02:14:19.577 UTC,15,0.0
OK8lyEQPLu,Chin Up,2019-12-31 02:14:19.577 UTC,13,0.0
OK8lyEQPLu,Chin Up,2019-12-31 02:14:19.577 UTC,15,0.0
OK8lyEQPLu,TRX Row,2019-12-31 02:14:19.577 UTC,15,0.0
OK8lyEQPLu,Dumbbell Bicep Curl,2019-12-31 02:14:19.577 UTC,8,13.607787283069193
OK8lyEQPLu,Dumbbell Bicep Curl,2019-12-31 02:14:19.577 UTC,8,9.0718581887127954
OK8lyEQPLu,Rowing,2019-12-31 02:14:19.577 UTC,0,0.0
OK8lyEQPLu,TRX Bicep Curl,2019-12-31 02:14:19.577 UTC,15,0.0
OK8lyEQPLu,Side Bridge,2019-12-31 02:14:19.577 UTC,0,0.0
OK8lyEQPLu,TRX Row,2019-12-31 02:14:19.577 UTC,15,0.0
OK8lyEQPLu,TRX Row,2019-12-31 02:14:19.577 UTC,15,0.0
cHu20LoMxx,Barbell Shoulder Press,2019-12-28 02:07:41.643 UTC,8,38.555397302029377
cHu20LoMxx,Dumbbell Pullover,2019-12-28 02:07:41.643 UTC,10,22.679645471781988
cHu20LoMxx,Dip,2019-12-28 02:07:41.643 UTC,12,0.0
cHu20LoMxx,Dip,2019-12-28 02:07:41.643 UTC,12,0.0
cHu20LoMxx,Dumbbell Pullover,2019-12-28 02:07:41.643 UTC,10,22.679645471781988
cHu20LoMxx,Barbell Shoulder Press,2019-12-28 02:07:41.643 UTC,8,38.555397302029377
cHu20LoMxx,Push Up,2019-12-28 02:07:41.643 UTC,18,0.0
cHu20LoMxx,Push Up,2019-12-28 02:07:41.643 UTC,18,0.0
cHu20LoMxx,Push Up,2019-12-28 02:07:41.643 UTC,18,0.0
cHu20LoMxx,Dumbbell Pullover,2019-12-28 02:07:41.643 UTC,10,22.679645471781988
cHu20LoMxx,Dumbbell Pullover,2019-12-28 02:07:41.643 UTC,10,22.679645471781988
cHu20LoMxx,Dip,2019-12-28 02:07:41.643 UTC,12,0.0
cHu20LoMxx,Push Up,2019-12-28 02:07:41.643 UTC,18,0.0
cHu20LoMxx,Dip,2019-12-28 02:07:41.643 UTC,12,0.0
cHu20LoMxx,Running - Treadmill,2019-12-28 02:07:41.643 UTC,0,0.0
cHu20LoMxx,Barbell Shoulder Press,2019-12-28 02:07:41.643 UTC,10,20.41168092460379
cHu20LoMxx,Barbell Shoulder Press,2019-12-28 02:07:41.643 UTC,8,38.555397302029377
EXsaQcok5u,Mini Loop Band Lunge Kickback,2019-12-27 00:05:04.388 UTC,8,0.0
EXsaQcok5u,Foam Roll Calves,2019-12-27 00:05:04.388 UTC,8,0.0
EXsaQcok5u,Butt Kick,2019-12-27 00:05:04.388 UTC,8,0.0
EXsaQcok5u,Prone Calf Stretch,2019-12-27 00:05:04.388 UTC,0,0.0
EXsaQcok5u,Butt Kick,2019-12-27 00:05:04.388 UTC,8,0.0
EXsaQcok5u,Squat with Rotation,2019-12-27 00:05:04.388 UTC,0,0.0
EXsaQcok5u,Squat with Rotation,2019-12-27 00:05:04.388 UTC,0,0.0
EXsaQcok5u,Prone Calf Stretch,2019-12-27 00:05:04.388 UTC,0,0.0
EXsaQcok5u,Inchworm,2019-12-27 00:05:04.388 UTC,8,0.0
p8kD2PbYII,Elliptical,2019-12-27 00:05:04.388 UTC,0,0.0
EXsaQcok5u,Mini Loop Band Glute Thrust,2019-12-27 00:05:04.388 UTC,8,0.0
EXsaQcok5u,Foam Roll Hamstrings,2019-12-27 00:05:04.388 UTC,8,0.0
LgBgW9Atsp,Leg Pull-In,2019-12-21 22:13:09.769 UTC,17,0.0
LgBgW9Atsp,Dumbbell Incline Bench Press,2019-12-21 22:13:09.769 UTC,8,20.41168092460379
LgBgW9Atsp,Cable Lateral Raise,2019-12-21 22:13:09.769 UTC,6,9.0718581887127954
LgBgW9Atsp,Dumbbell Fly,2019-12-21 22:13:09.769 UTC,11,13.607787283069193
LgBgW9Atsp,Barbell Bench Press,2019-12-21 22:13:09.769 UTC,6,83.914688245593354
LgBgW9Atsp,Dumbbell Skullcrusher,2019-12-21 22:13:09.769 UTC,8,9.0718581887127954
LgBgW9Atsp,Barbell Bench Press,2019-12-21 22:13:09.769 UTC,8,38.555397302029377
LgBgW9Atsp,Cable Rope Tricep Extension,2019-12-21 22:13:09.769 UTC,6,43.091326396385774
LgBgW9Atsp,Cable Rope Tricep Extension,2019-12-21 22:13:09.769 UTC,6,43.091326396385774
LgBgW9Atsp,Dumbbell Incline Bench Press,2019-12-21 22:13:09.769 UTC,8,22.679645471781988
LgBgW9Atsp,Leg Pull-In,2019-12-21 22:13:09.769 UTC,17,0.0
LgBgW9Atsp,Dumbbell Skullcrusher,2019-12-21 22:13:09.769 UTC,8,9.0718581887127954
LgBgW9Atsp,Dumbbell Incline Bench Press,2019-12-21 22:13:09.769 UTC,10,22.679645471781988
LgBgW9Atsp,Barbell Bench Press,2019-12-21 22:13:09.769 UTC,10,14.968566011376112
LgBgW9Atsp,Barbell Bench Press,2019-12-21 22:13:09.769 UTC,5,72.574865509702363
LgBgW9Atsp,Cable Lateral Raise,2019-12-21 22:13:09.769 UTC,6,9.0718581887127954
LgBgW9Atsp,Russian Twist,2019-12-21 22:13:09.769 UTC,8,11.339822735890994
LgBgW9Atsp,Dumbbell Back Fly,2019-12-21 22:13:09.769 UTC,8,9.0718581887127954
LgBgW9Atsp,Russian Twist,2019-12-21 22:13:09.769 UTC,8,11.339822735890994
LgBgW9Atsp,Cable Lateral Raise,2019-12-21 22:13:09.769 UTC,10,9.0718581887127954
LgBgW9Atsp,Dumbbell Skullcrusher,2019-12-21 22:13:09.769 UTC,8,9.0718581887127954
LgBgW9Atsp,Barbell Bench Press,2019-12-21 22:13:09.769 UTC,5,63.50300732098956
LgBgW9Atsp,Cable Lateral Raise,2019-12-21 22:13:09.769 UTC,10,9.0718581887127954
LgBgW9Atsp,Dumbbell Fly,2019-12-21 22:13:09.769 UTC,11,13.607787283069193
LgBgW9Atsp,Dumbbell Fly,2019-12-21 22:13:09.769 UTC,11,13.607787283069193
LgBgW9Atsp,Cable Rope Tricep Extension,2019-12-21 22:13:09.769 UTC,6,43.091326396385774
LgBgW9Atsp,Dumbbell Incline Bench Press,2019-12-21 22:13:09.769 UTC,10,22.679645471781988
LgBgW9Atsp,Dumbbell Back Fly,2019-12-21 22:13:09.769 UTC,8,6.8038936415345965
LgBgW9Atsp,Barbell Bench Press,2019-12-21 22:13:09.769 UTC,8,83.914688245593354
LgBgW9Atsp,Russian Twist,2019-12-21 22:13:09.769 UTC,8,11.339822735890994
LgBgW9Atsp,Dumbbell Back Fly,2019-12-21 22:13:09.769 UTC,8,9.0718581887127954
LgBgW9Atsp,Cable Rope Tricep Extension,2019-12-21 22:13:09.769 UTC,6,43.091326396385774
LgBgW9Atsp,Cable Rope Tricep Extension,2019-12-21 22:13:09.769 UTC,8,24.947610018960187
LgBgW9Atsp,Dumbbell Fly,2019-12-21 22:13:09.769 UTC,11,13.607787283069193
LgBgW9Atsp,Dumbbell Back Fly,2019-12-21 22:13:09.769 UTC,8,9.0718581887127954
LgBgW9Atsp,Dumbbell Skullcrusher,2019-12-21 22:13:09.769 UTC,8,9.0718581887127954
LgBgW9Atsp,Leg Pull-In,2019-12-21 22:13:09.769 UTC,17,0.0
G3D3M1cHAi,Crunches,2019-12-21 02:41:17.387 UTC,25,0.0
G3D3M1cHAi,Reverse Leg Crossover,2019-12-21 02:41:17.387 UTC,8,0.0
ex7HNCWIDP,Stair Stepper,2019-12-21 02:41:17.387 UTC,0,0.0
G3D3M1cHAi,Chin Up,2019-12-21 02:41:17.387 UTC,12,0.0
G3D3M1cHAi,Child's Pose,2019-12-21 02:41:17.387 UTC,0,0.0
G3D3M1cHAi,Back Extensions,2019-12-21 02:41:17.387 UTC,18,0.0
G3D3M1cHAi,Dumbbell Row,2019-12-21 02:41:17.387 UTC,12,20.41168092460379
G3D3M1cHAi,Barbell Bicep Drag Curl,2019-12-21 02:41:17.387 UTC,8,20.41168092460379
G3D3M1cHAi,Dumbbell Row,2019-12-21 02:41:17.387 UTC,12,20.41168092460379
G3D3M1cHAi,Crunches,2019-12-21 02:41:17.387 UTC,25,0.0
G3D3M1cHAi,Dead Hang,2019-12-21 02:41:17.387 UTC,0,0.0
G3D3M1cHAi,Crunches,2019-12-21 02:41:17.387 UTC,25,0.0
G3D3M1cHAi,Dead Hang,2019-12-21 02:41:17.387 UTC,0,0.0
G3D3M1cHAi,Seated Dumbbell Curl,2019-12-21 02:41:17.387 UTC,8,11.339822735890994
G3D3M1cHAi,Seated Dumbbell Curl,2019-12-21 02:41:17.387 UTC,8,11.339822735890994
G3D3M1cHAi,Mini Loop Band Kneeling Bicep Curl,2019-12-21 02:41:17.387 UTC,8,0.0
G3D3M1cHAi,Seated Dumbbell Curl,2019-12-21 02:41:17.387 UTC,8,11.339822735890994
G3D3M1cHAi,Chin Up,2019-12-21 02:41:17.387 UTC,14,0.0
G3D3M1cHAi,Mini Loop Band Kneeling Bicep Curl,2019-12-21 02:41:17.387 UTC,8,0.0
G3D3M1cHAi,Barbell Bicep Drag Curl,2019-12-21 02:41:17.387 UTC,8,20.41168092460379
G3D3M1cHAi,Back Extensions,2019-12-21 02:41:17.387 UTC,18,0.0
G3D3M1cHAi,Stir the Pot,2019-12-21 02:41:17.387 UTC,8,0.0
G3D3M1cHAi,Dumbbell Row,2019-12-21 02:41:17.387 UTC,12,20.41168092460379
G3D3M1cHAi,Child's Pose,2019-12-21 02:41:17.387 UTC,0,0.0
ex7HNCWIDP,Foam Roll Lower Back,2019-12-21 02:41:17.387 UTC,8,0.0
G3D3M1cHAi,Barbell Bicep Drag Curl,2019-12-21 02:41:17.387 UTC,8,20.41168092460379
ex7HNCWIDP,Foam Roll Lats,2019-12-21 02:41:17.387 UTC,8,0.0
G3D3M1cHAi,Seated Dumbbell Curl,2019-12-21 02:41:17.387 UTC,8,11.339822735890994
G3D3M1cHAi,Chin Up,2019-12-21 02:41:17.387 UTC,13,0.0
G3D3M1cHAi,Mini Loop Band Single Leg Romanian Deadlift with Row,2019-12-21 02:41:17.387 UTC,8,0.0
G3D3M1cHAi,Chin Up,2019-12-21 02:41:17.387 UTC,15,0.0
G3D3M1cHAi,Back Extensions,2019-12-21 02:41:17.387 UTC,18,0.0
G3D3M1cHAi,Stir the Pot,2019-12-21 02:41:17.387 UTC,8,0.0
eo3sHN4yCl,Bar Muscle Up,2019-12-20 03:45:38.217 UTC,2,0.0
eo3sHN4yCl,Chin Up,2019-12-20 03:45:38.217 UTC,15,0.0
eo3sHN4yCl,Chin Up,2019-12-20 03:45:38.217 UTC,15,0.0
eo3sHN4yCl,Dumbbell Row,2019-12-20 03:45:38.217 UTC,12,20.41168092460379
eo3sHN4yCl,Dumbbell Row,2019-12-20 03:45:38.217 UTC,12,20.41168092460379
eo3sHN4yCl,Chin Up,2019-12-20 03:45:38.217 UTC,15,0.0
eo3sHN4yCl,Dumbbell Row,2019-12-20 03:45:38.217 UTC,12,20.41168092460379
eo3sHN4yCl,Chin Up,2019-12-20 03:45:38.217 UTC,15,0.0
eo3sHN4yCl,V-Bar Pull Up,2019-12-20 03:45:38.217 UTC,5,0.0
eo3sHN4yCl,V-Bar Pull Up,2019-12-20 03:45:38.217 UTC,5,0.0
qqjznsFtNz,Dumbbell Shoulder Raise,2019-12-19 14:35:45.979 UTC,10,6.8038936415345965
qqjznsFtNz,Dumbbell Shoulder Raise,2019-12-19 14:35:45.979 UTC,10,6.8038936415345965
qqjznsFtNz,Exercise Ball Crunch,2019-12-19 14:35:45.979 UTC,17,0.0
qqjznsFtNz,Seated Tricep Press,2019-12-19 14:35:45.979 UTC,10,15.87575183024739
qqjznsFtNz,Upright Row,2019-12-19 14:35:45.979 UTC,10,24.947610018960187
qqjznsFtNz,Exercise Ball Crunch,2019-12-19 14:35:45.979 UTC,17,0.0
qqjznsFtNz,Upright Row,2019-12-19 14:35:45.979 UTC,10,24.947610018960187
qqjznsFtNz,Upright Row,2019-12-19 14:35:45.979 UTC,10,24.947610018960187
qqjznsFtNz,Stiff-Legged Barbell Good Morning,2019-12-19 14:35:45.979 UTC,9,24.947610018960187
qqjznsFtNz,Upright Row,2019-12-19 14:35:45.979 UTC,10,24.947610018960187
qqjznsFtNz,Seated Tricep Press,2019-12-19 14:35:45.979 UTC,10,15.87575183024739
qqjznsFtNz,Dumbbell Shoulder Raise,2019-12-19 14:35:45.979 UTC,10,6.8038936415345965
WD7PZARdhZ,Dumbbell Bench Press,2019-12-19 14:35:45.979 UTC,10,27.215574566138386
qqjznsFtNz,Exercise Ball Crunch,2019-12-19 14:35:45.979 UTC,17,0.0
qqjznsFtNz,Stiff-Legged Barbell Good Morning,2019-12-19 14:35:45.979 UTC,9,24.947610018960187
WD7PZARdhZ,Running - Treadmill,2019-12-19 14:35:45.979 UTC,0,0.0
WD7PZARdhZ,Dumbbell Bench Press,2019-12-19 14:35:45.979 UTC,10,27.215574566138386
qqjznsFtNz,Seated Tricep Press,2019-12-19 14:35:45.979 UTC,10,15.87575183024739
qqjznsFtNz,Dumbbell Shoulder Raise,2019-12-19 14:35:45.979 UTC,10,6.8038936415345965
WD7PZARdhZ,Dumbbell Bench Press,2019-12-19 14:35:45.979 UTC,10,27.215574566138386
qqjznsFtNz,Seated Tricep Press,2019-12-19 14:35:45.979 UTC,10,15.87575183024739
qqjznsFtNz,Upright Row,2019-12-19 14:35:45.979 UTC,8,15.87575183024739
qqjznsFtNz,Stiff-Legged Barbell Good Morning,2019-12-19 14:35:45.979 UTC,9,24.947610018960187
WD7PZARdhZ,Dumbbell Bench Press,2019-12-19 14:35:45.979 UTC,10,27.215574566138386
JakSoqHWAP,Dumbbell Lunge,2019-12-19 00:49:20.696 UTC,6,13.607787283069193
JakSoqHWAP,Bosu Ball Squat,2019-12-19 00:49:20.696 UTC,11,0.0
JakSoqHWAP,Bosu Ball Squat,2019-12-19 00:49:20.696 UTC,11,0.0
JakSoqHWAP,Dumbbell Lunge,2019-12-19 00:49:20.696 UTC,6,13.607787283069193
JakSoqHWAP,Back Squat,2019-12-19 00:49:20.696 UTC,6,45.359290943563977
JakSoqHWAP,Back Squat,2019-12-19 00:49:20.696 UTC,6,20.41168092460379
JakSoqHWAP,Deadlift,2019-12-19 00:49:20.696 UTC,8,88.450617339949744
JakSoqHWAP,Deadlift,2019-12-19 00:49:20.696 UTC,8,88.450617339949744
JakSoqHWAP,Deadlift,2019-12-19 00:49:20.696 UTC,10,20.41168092460379
JakSoqHWAP,Back Squat,2019-12-19 00:49:20.696 UTC,7,77.110794604058754
JakSoqHWAP,Back Squat,2019-12-19 00:49:20.696 UTC,3,77.110794604058754
JakSoqHWAP,Dumbbell Lunge,2019-12-19 00:49:20.696 UTC,6,13.607787283069193
jCxgu46X7y,Running - Treadmill,2019-12-19 00:49:20.696 UTC,0,0.0
JakSoqHWAP,Deadlift,2019-12-19 00:49:20.696 UTC,8,88.450617339949744
JakSoqHWAP,Bosu Ball Squat,2019-12-19 00:49:20.696 UTC,11,0.0
JakSoqHWAP,Back Squat,2019-12-19 00:49:20.696 UTC,3,77.110794604058754
JakSoqHWAP,Back Squat,2019-12-19 00:49:20.696 UTC,3,77.110794604058754
JakSoqHWAP,Deadlift,2019-12-19 00:49:20.696 UTC,8,52.16318458509857
JakSoqHWAP,Deadlift,2019-12-19 00:49:20.696 UTC,8,88.450617339949744
JakSoqHWAP,Back Squat,2019-12-19 00:49:20.696 UTC,3,77.110794604058754
3NoFqpZX2W,Sit Up,2019-12-17 14:37:49.573 UTC,18,0.0
3NoFqpZX2W,Dumbbell Skullcrusher,2019-12-17 14:37:49.573 UTC,12,6.8038936415345965
3NoFqpZX2W,Sit Up,2019-12-17 14:37:49.573 UTC,18,0.0
3NoFqpZX2W,Sit Up,2019-12-17 14:37:49.573 UTC,18,0.0
EhTf0WMqGd,Rowing,2019-12-17 14:37:49.573 UTC,0,0.0
3NoFqpZX2W,Close-Grip Bench Press,2019-12-17 14:37:49.573 UTC,10,20.41168092460379
3NoFqpZX2W,Close-Grip Bench Press,2019-12-17 14:37:49.573 UTC,12,43.091326396385774
3NoFqpZX2W,Close-Grip Bench Press,2019-12-17 14:37:49.573 UTC,12,43.091326396385774
3NoFqpZX2W,Dumbbell Rear Delt Raise,2019-12-17 14:37:49.573 UTC,8,9.0718581887127954
3NoFqpZX2W,Dumbbell Skullcrusher,2019-12-17 14:37:49.573 UTC,12,6.8038936415345965
3NoFqpZX2W,Dumbbell Skullcrusher,2019-12-17 14:37:49.573 UTC,12,6.8038936415345965
3NoFqpZX2W,Close-Grip Bench Press,2019-12-17 14:37:49.573 UTC,12,43.091326396385774
3NoFqpZX2W,Dumbbell Rear Delt Raise,2019-12-17 14:37:49.573 UTC,8,9.0718581887127954
3NoFqpZX2W,Dumbbell Rear Delt Raise,2019-12-17 14:37:49.573 UTC,8,9.0718581887127954
3NoFqpZX2W,Floor Press,2019-12-17 14:37:49.573 UTC,10,20.41168092460379
8YFmn69R1v,Plank,2019-12-17 01:58:51.137 UTC,0,0.0
8YFmn69R1v,Dumbbell Bicep Curl,2019-12-17 01:58:51.137 UTC,8,11.339822735890994
8YFmn69R1v,Hammer Curls,2019-12-17 01:58:51.137 UTC,5,11.339822735890994
8YFmn69R1v,Single Leg Romanian Deadlift,2019-12-17 01:58:51.137 UTC,12,5.6699113679454971
8YFmn69R1v,Dumbbell Bent Over Row,2019-12-17 01:58:51.137 UTC,8,15.87575183024739
8YFmn69R1v,Stair Stepper,2019-12-17 01:58:51.137 UTC,0,0.0
8YFmn69R1v,Chin Up,2019-12-17 01:58:51.137 UTC,15,0.0
8YFmn69R1v,Barbell Shrug,2019-12-17 01:58:51.137 UTC,12,65.770971868167763
8YFmn69R1v,Hammer Curls,2019-12-17 01:58:51.137 UTC,5,11.339822735890994
8YFmn69R1v,Plank,2019-12-17 01:58:51.137 UTC,0,0.0
8YFmn69R1v,Chin Up,2019-12-17 01:58:51.137 UTC,15,0.0
8YFmn69R1v,Plank,2019-12-17 01:58:51.137 UTC,0,0.0
8YFmn69R1v,Hammer Curls,2019-12-17 01:58:51.137 UTC,5,11.339822735890994
8YFmn69R1v,Dumbbell Bent Over Row,2019-12-17 01:58:51.137 UTC,8,15.87575183024739
8YFmn69R1v,Barbell Shrug,2019-12-17 01:58:51.137 UTC,12,65.770971868167763
8YFmn69R1v,Barbell Shrug,2019-12-17 01:58:51.137 UTC,12,65.770971868167763
8YFmn69R1v,Single Leg Romanian Deadlift,2019-12-17 01:58:51.137 UTC,12,5.6699113679454971
8YFmn69R1v,Barbell Shrug,2019-12-17 01:58:51.137 UTC,12,65.770971868167763
8YFmn69R1v,Dumbbell Bicep Curl,2019-12-17 01:58:51.137 UTC,8,11.339822735890994
8YFmn69R1v,Dumbbell Bent Over Row,2019-12-17 01:58:51.137 UTC,8,15.87575183024739
8YFmn69R1v,Chin Up,2019-12-17 01:58:51.137 UTC,15,0.0
8YFmn69R1v,Dumbbell Bicep Curl,2019-12-17 01:58:51.137 UTC,8,11.339822735890994
aFbipbQzRd,Barbell Bench Press,2019-12-14 15:04:33.925 UTC,5,83.914688245593354
aFbipbQzRd,Cable Rope Tricep Extension,2019-12-14 15:04:33.925 UTC,10,38.555397302029377
aFbipbQzRd,Handstand Push Up,2019-12-14 15:04:33.925 UTC,2,0.0
aFbipbQzRd,Barbell Bench Press,2019-12-14 15:04:33.925 UTC,5,83.914688245593354
aFbipbQzRd,Leg Raise,2019-12-14 15:04:33.925 UTC,31,0.0
aFbipbQzRd,Barbell Bench Press,2019-12-14 15:04:33.925 UTC,5,83.914688245593354
aFbipbQzRd,Cable Rope Tricep Extension,2019-12-14 15:04:33.925 UTC,10,38.555397302029377
aFbipbQzRd,Barbell Bench Press,2019-12-14 15:04:33.925 UTC,5,83.914688245593354
aFbipbQzRd,Handstand Push Up,2019-12-14 15:04:33.925 UTC,2,0.0
aFbipbQzRd,Barbell Bench Press,2019-12-14 15:04:33.925 UTC,8,49.895220037920375
aFbipbQzRd,Handstand Push Up,2019-12-14 15:04:33.925 UTC,2,0.0
E7ZFPa7clG,Running - Treadmill,2019-12-14 15:04:33.925 UTC,0,0.0
aFbipbQzRd,Cable Rope Tricep Extension,2019-12-14 15:04:33.925 UTC,10,38.555397302029377
aFbipbQzRd,Kettlebell Upright Row,2019-12-14 15:04:33.925 UTC,10,20.41168092460379
aFbipbQzRd,Kettlebell Upright Row,2019-12-14 15:04:33.925 UTC,10,20.41168092460379
aFbipbQzRd,Barbell Bench Press,2019-12-14 15:04:33.925 UTC,10,20.41168092460379
aFbipbQzRd,Cable Rope Tricep Extension,2019-12-14 15:04:33.925 UTC,10,38.555397302029377
aFbipbQzRd,Barbell Bench Press,2019-12-14 15:04:33.925 UTC,5,83.914688245593354
aFbipbQzRd,Running - Treadmill,2019-12-14 15:04:33.925 UTC,0,0.0
aFbipbQzRd,Cable Rope Tricep Extension,2019-12-14 15:04:33.925 UTC,8,22.679645471781988
aFbipbQzRd,Handstand Push Up,2019-12-14 15:04:33.925 UTC,2,0.0
aFbipbQzRd,Kettlebell Upright Row,2019-12-14 15:04:33.925 UTC,10,20.41168092460379
drOCHrBh0v,Romanian Deadlift,2019-12-14 02:01:24.454 UTC,8,61.235042773811365
drOCHrBh0v,Hanging Leg Raise,2019-12-14 02:01:24.454 UTC,14,0.0
drOCHrBh0v,Barbell Step Up,2019-12-14 02:01:24.454 UTC,6,15.87575183024739
drOCHrBh0v,Romanian Deadlift,2019-12-14 02:01:24.454 UTC,8,61.235042773811365
drOCHrBh0v,Lunge Jump,2019-12-14 02:01:24.454 UTC,11,0.0
drOCHrBh0v,Stability Ball Hip Bridge,2019-12-14 02:01:24.454 UTC,10,0.0
drOCHrBh0v,Barbell Step Up,2019-12-14 02:01:24.454 UTC,3,29.483539113316585
drOCHrBh0v,Barbell Step Up,2019-12-14 02:01:24.454 UTC,3,29.483539113316585
drOCHrBh0v,Lunge Jump,2019-12-14 02:01:24.454 UTC,11,0.0
drOCHrBh0v,Barbell Step Up,2019-12-14 02:01:24.454 UTC,3,29.483539113316585
drOCHrBh0v,Romanian Deadlift,2019-12-14 02:01:24.454 UTC,3,52.16318458509857
drOCHrBh0v,Running - Treadmill,2019-12-14 02:01:24.454 UTC,0,0.0
drOCHrBh0v,Box Front Squat,2019-12-14 02:01:24.454 UTC,10,52.16318458509857
drOCHrBh0v,Hanging Leg Raise,2019-12-14 02:01:24.454 UTC,14,0.0
drOCHrBh0v,Box Front Squat,2019-12-14 02:01:24.454 UTC,10,52.16318458509857
drOCHrBh0v,Hanging Leg Raise,2019-12-14 02:01:24.454 UTC,14,0.0
drOCHrBh0v,Lunge Jump,2019-12-14 02:01:24.454 UTC,11,0.0
drOCHrBh0v,Kettlebell Swing,2019-12-14 02:01:24.454 UTC,10,18.143716377425591
drOCHrBh0v,Kettlebell Swing,2019-12-14 02:01:24.454 UTC,10,18.143716377425591
drOCHrBh0v,Romanian Deadlift,2019-12-14 02:01:24.454 UTC,6,20.41168092460379
drOCHrBh0v,Stability Ball Hip Bridge,2019-12-14 02:01:24.454 UTC,10,0.0
drOCHrBh0v,Romanian Deadlift,2019-12-14 02:01:24.454 UTC,3,45.359290943563977
drOCHrBh0v,Box Front Squat,2019-12-14 02:01:24.454 UTC,10,52.16318458509857
drOCHrBh0v,Barbell Step Up,2019-12-14 02:01:24.454 UTC,3,29.483539113316585
drOCHrBh0v,Kettlebell Swing,2019-12-14 02:01:24.454 UTC,10,18.143716377425591
drOCHrBh0v,Romanian Deadlift,2019-12-14 02:01:24.454 UTC,5,34.019468207672979
drOCHrBh0v,Stability Ball Hip Bridge,2019-12-14 02:01:24.454 UTC,10,0.0
drOCHrBh0v,Box Front Squat,2019-12-14 02:01:24.454 UTC,10,52.16318458509857
1diVhTRc07,Barbell Curl,2019-12-12 14:43:45.958 UTC,8,27.215574566138386
1diVhTRc07,Neutral Grip Pull Up,2019-12-12 14:43:45.958 UTC,9,0.0
1diVhTRc07,Cable Bicep Curl,2019-12-12 14:43:45.958 UTC,15,20.41168092460379
1diVhTRc07,Pull Up,2019-12-12 14:43:45.958 UTC,12,0.0
1diVhTRc07,Barbell Curl,2019-12-12 14:43:45.958 UTC,8,27.215574566138386
1diVhTRc07,Neutral Grip Pull Up,2019-12-12 14:43:45.958 UTC,9,0.0
r35PrkvSe5,Running - Treadmill,2019-12-12 14:43:45.958 UTC,0,0.0
1diVhTRc07,Neutral Grip Pull Up,2019-12-12 14:43:45.958 UTC,9,0.0
1diVhTRc07,Pull Up,2019-12-12 14:43:45.958 UTC,14,0.0
1diVhTRc07,Barbell Curl,2019-12-12 14:43:45.958 UTC,8,20.41168092460379
1diVhTRc07,Neutral Grip Pull Up,2019-12-12 14:43:45.958 UTC,9,0.0
1diVhTRc07,Cable Bicep Curl,2019-12-12 14:43:45.958 UTC,15,20.41168092460379
1diVhTRc07,Pull Up,2019-12-12 14:43:45.958 UTC,11,0.0
1diVhTRc07,Neutral Grip Pull Up,2019-12-12 14:43:45.958 UTC,9,0.0
1diVhTRc07,Barbell Curl,2019-12-12 14:43:45.958 UTC,8,22.679645471781988
3D6XqnwZUF,Elliptical,2019-12-11 23:09:05.690 UTC,0,0.0
3D6XqnwZUF,Tricep Stretch,2019-12-11 23:09:05.690 UTC,0,0.0
3D6XqnwZUF,Foam Roll Lats,2019-12-11 23:09:05.690 UTC,8,0.0
3D6XqnwZUF,Cross-body Arm Stretch,2019-12-11 23:09:05.690 UTC,0,0.0
3D6XqnwZUF,Wall Slide Stretch,2019-12-11 23:09:05.690 UTC,8,0.0
3D6XqnwZUF,Crab Pose,2019-12-11 23:09:05.690 UTC,8,0.0
3D6XqnwZUF,Wall Slide Stretch,2019-12-11 23:09:05.690 UTC,8,0.0
3D6XqnwZUF,Foam Roll Chest,2019-12-11 23:09:05.690 UTC,8,0.0
3D6XqnwZUF,Cross-body Arm Stretch,2019-12-11 23:09:05.690 UTC,0,0.0
ICDUgpgqdK,Running - Treadmill,2019-12-11 23:09:05.690 UTC,0,0.0
3D6XqnwZUF,Tricep Stretch,2019-12-11 23:09:05.690 UTC,0,0.0
3D6XqnwZUF,Crab Pose,2019-12-11 23:09:05.690 UTC,8,0.0
0DGAiJ2PlT,Dumbbell Step Up,2019-12-10 14:17:12.244 UTC,8,13.607787283069193
0DGAiJ2PlT,Standing Cable Core Twist,2019-12-10 14:17:12.244 UTC,12,20.41168092460379
0DGAiJ2PlT,Barbell Lunge,2019-12-10 14:17:12.244 UTC,10,20.41168092460379
0DGAiJ2PlT,Barbell Lunge,2019-12-10 14:17:12.244 UTC,10,20.41168092460379
0DGAiJ2PlT,Dumbbell Step Up,2019-12-10 14:17:12.244 UTC,8,13.607787283069193
0DGAiJ2PlT,Deadlift,2019-12-10 14:17:12.244 UTC,8,97.52247552866254
0DGAiJ2PlT,Deadlift,2019-12-10 14:17:12.244 UTC,4,86.182652792771549
0DGAiJ2PlT,Dumbbell Step Up,2019-12-10 14:17:12.244 UTC,8,13.607787283069193
0DGAiJ2PlT,Standing Cable Core Twist,2019-12-10 14:17:12.244 UTC,12,20.41168092460379
0DGAiJ2PlT,Standing Cable Core Twist,2019-12-10 14:17:12.244 UTC,12,20.41168092460379
0DGAiJ2PlT,Dumbbell Step Up,2019-12-10 14:17:12.244 UTC,8,13.607787283069193
0DGAiJ2PlT,Deadlift,2019-12-10 14:17:12.244 UTC,4,77.110794604058754
0DGAiJ2PlT,Deadlift,2019-12-10 14:17:12.244 UTC,8,45.359290943563977
0DGAiJ2PlT,Dumbbell Step Up,2019-12-10 14:17:12.244 UTC,8,13.607787283069193
0DGAiJ2PlT,Deadlift,2019-12-10 14:17:12.244 UTC,8,97.52247552866254
0DGAiJ2PlT,Deadlift,2019-12-10 14:17:12.244 UTC,8,20.41168092460379
0DGAiJ2PlT,Running - Treadmill,2019-12-10 14:17:12.244 UTC,0,0.0
2fcDQH1HPu,Dumbbell Squat,2019-12-06 03:18:51.245 UTC,15,9.0718581887127954
2fcDQH1HPu,Power Clean,2019-12-06 03:18:51.245 UTC,8,29.483539113316585
2fcDQH1HPu,Front Squat,2019-12-06 03:18:51.245 UTC,5,31.75150366049478
2fcDQH1HPu,Front Squat,2019-12-06 03:18:51.245 UTC,8,54.431149132276772
2fcDQH1HPu,Standing Barbell Calf Raise,2019-12-06 03:18:51.245 UTC,7,49.895220037920375
2fcDQH1HPu,Standing Barbell Calf Raise,2019-12-06 03:18:51.245 UTC,7,49.895220037920375
2fcDQH1HPu,Power Clean,2019-12-06 03:18:51.245 UTC,5,49.895220037920375
2fcDQH1HPu,Power Clean,2019-12-06 03:18:51.245 UTC,10,14.968566011376112
2fcDQH1HPu,Standing Barbell Calf Raise,2019-12-06 03:18:51.245 UTC,7,49.895220037920375
2fcDQH1HPu,Front Squat,2019-12-06 03:18:51.245 UTC,5,43.091326396385774
MZbn9iDEqO,Running - Treadmill,2019-12-06 03:18:51.245 UTC,0,0.0
2fcDQH1HPu,Power Clean,2019-12-06 03:18:51.245 UTC,5,49.895220037920375
2fcDQH1HPu,Dumbbell Squat,2019-12-06 03:18:51.245 UTC,15,9.0718581887127954
2fcDQH1HPu,Power Clean,2019-12-06 03:18:51.245 UTC,5,49.895220037920375
2fcDQH1HPu,Front Squat,2019-12-06 03:18:51.245 UTC,10,14.968566011376112
2fcDQH1HPu,Standing Barbell Calf Raise,2019-12-06 03:18:51.245 UTC,7,49.895220037920375
2fcDQH1HPu,Front Squat,2019-12-06 03:18:51.245 UTC,8,54.431149132276772
2fcDQH1HPu,Power Clean,2019-12-06 03:18:51.245 UTC,5,49.895220037920375
2fcDQH1HPu,Dumbbell Squat,2019-12-06 03:18:51.245 UTC,15,9.0718581887127954
2fcDQH1HPu,Front Squat,2019-12-06 03:18:51.245 UTC,5,49.895220037920375
gqEEXh4bpL,Renegade Row,2019-12-04 23:44:00.589 UTC,6,12.473805009480094
gqEEXh4bpL,Renegade Row,2019-12-04 23:44:00.589 UTC,5,12.473805009480094
gqEEXh4bpL,Pull Up,2019-12-04 23:44:00.589 UTC,13,0.0
gqEEXh4bpL,Pull Up,2019-12-04 23:44:00.589 UTC,13,0.0
gqEEXh4bpL,Pull Up,2019-12-04 23:44:00.589 UTC,13,0.0
gqEEXh4bpL,Seated Dumbbell Curl,2019-12-04 23:44:00.589 UTC,8,12.473805009480094
gqEEXh4bpL,Decline Reverse Crunch,2019-12-04 23:44:00.589 UTC,13,0.0
gqEEXh4bpL,Decline Reverse Crunch,2019-12-04 23:44:00.589 UTC,13,0.0
gqEEXh4bpL,Seated Dumbbell Curl,2019-12-04 23:44:00.589 UTC,7,12.473805009480094
gqEEXh4bpL,Renegade Row,2019-12-04 23:44:00.589 UTC,5,12.473805009480094
gqEEXh4bpL,Decline Reverse Crunch,2019-12-04 23:44:00.589 UTC,13,0.0
gqEEXh4bpL,Seated Dumbbell Curl,2019-12-04 23:44:00.589 UTC,7,12.473805009480094
NKA6FBFWcc,Dumbbell Bench Press,2019-12-03 02:51:31.343 UTC,6,29.483539113316585
NKA6FBFWcc,Bench Dip,2019-12-03 02:51:31.343 UTC,20,0.0
NKA6FBFWcc,Dumbbell Bench Press,2019-12-03 02:51:31.343 UTC,6,34.019468207672979
NKA6FBFWcc,Upright Row,2019-12-03 02:51:31.343 UTC,12,24.947610018960187
NKA6FBFWcc,Front Plate Raise,2019-12-03 02:51:31.343 UTC,12,15.87575183024739
NKA6FBFWcc,Upright Row,2019-12-03 02:51:31.343 UTC,12,24.947610018960187
NKA6FBFWcc,Front Plate Raise,2019-12-03 02:51:31.343 UTC,8,11.339822735890994
NKA6FBFWcc,Dumbbell Bench Press,2019-12-03 02:51:31.343 UTC,8,34.019468207672979
NKA6FBFWcc,Front Plate Raise,2019-12-03 02:51:31.343 UTC,12,15.87575183024739
NKA6FBFWcc,Dumbbell Bench Press,2019-12-03 02:51:31.343 UTC,8,18.143716377425591
NKA6FBFWcc,Russian Twist,2019-12-03 02:51:31.343 UTC,18,9.0718581887127954
NKA6FBFWcc,Upright Row,2019-12-03 02:51:31.343 UTC,12,24.947610018960187
NKA6FBFWcc,Dumbbell Bench Press,2019-12-03 02:51:31.343 UTC,8,34.019468207672979
NKA6FBFWcc,Front Plate Raise,2019-12-03 02:51:31.343 UTC,8,15.87575183024739
NKA6FBFWcc,Bench Dip,2019-12-03 02:51:31.343 UTC,20,0.0
NKA6FBFWcc,Russian Twist,2019-12-03 02:51:31.343 UTC,18,9.0718581887127954
9L0tPzBVJS,Elliptical,2019-12-03 02:51:31.343 UTC,0,0.0
NKA6FBFWcc,Bench Dip,2019-12-03 02:51:31.343 UTC,20,0.0
NKA6FBFWcc,Upright Row,2019-12-03 02:51:31.343 UTC,8,15.87575183024739
NKA6FBFWcc,Dumbbell Bench Press,2019-12-03 02:51:31.343 UTC,6,31.75150366049478
VWrmNsQWTO,Palms-Down Dumbbell Wrist Curl,2019-11-30 20:09:24.329 UTC,12,4.5359290943563977
LFj21FLweD,Elliptical,2019-11-30 20:09:24.329 UTC,0,0.0
VWrmNsQWTO,Dumbbell Bicep Curl,2019-11-30 20:09:24.329 UTC,8,11.339822735890994
VWrmNsQWTO,Rack Pulls,2019-11-30 20:09:24.329 UTC,12,83.914688245593354
VWrmNsQWTO,Cat Cow,2019-11-30 20:09:24.329 UTC,8,0.0
VWrmNsQWTO,Side Bend Stretch,2019-11-30 20:09:24.329 UTC,0,0.0
VWrmNsQWTO,Pull Up,2019-11-30 20:09:24.329 UTC,10,0.0
VWrmNsQWTO,Pull Up,2019-11-30 20:09:24.329 UTC,13,0.0
VWrmNsQWTO,Oblique Crunch,2019-11-30 20:09:24.329 UTC,16,0.0
VWrmNsQWTO,Foam Roll Upper Back,2019-11-30 20:09:24.329 UTC,8,0.0
VWrmNsQWTO,Reverse Barbell Curl,2019-11-30 20:09:24.329 UTC,8,20.41168092460379
VWrmNsQWTO,Lower Back Stretch,2019-11-30 20:09:24.329 UTC,0,0.0
VWrmNsQWTO,Dumbbell Row,2019-11-30 20:09:24.329 UTC,10,22.679645471781988
VWrmNsQWTO,Pull Up,2019-11-30 20:09:24.329 UTC,11,0.0
VWrmNsQWTO,Palms-Down Dumbbell Wrist Curl,2019-11-30 20:09:24.329 UTC,12,4.5359290943563977
VWrmNsQWTO,Dumbbell Row,2019-11-30 20:09:24.329 UTC,10,22.679645471781988
VWrmNsQWTO,Palms-Down Dumbbell Wrist Curl,2019-11-30 20:09:24.329 UTC,12,4.5359290943563977
VWrmNsQWTO,Reverse Barbell Curl,2019-11-30 20:09:24.329 UTC,8,20.41168092460379
VWrmNsQWTO,Reverse Barbell Curl,2019-11-30 20:09:24.329 UTC,8,20.41168092460379
VWrmNsQWTO,Dumbbell Row,2019-11-30 20:09:24.329 UTC,10,22.679645471781988
VWrmNsQWTO,Bird Dog,2019-11-30 20:09:24.329 UTC,8,0.0
VWrmNsQWTO,Elliptical,2019-11-30 20:09:24.329 UTC,0,0.0
VWrmNsQWTO,Running - Treadmill,2019-11-30 20:09:24.329 UTC,0,0.0
VWrmNsQWTO,Rack Pulls,2019-11-30 20:09:24.329 UTC,12,83.914688245593354
VWrmNsQWTO,Lower Back Stretch,2019-11-30 20:09:24.329 UTC,0,0.0
VWrmNsQWTO,Dumbbell Bent Over Row,2019-11-30 20:09:24.329 UTC,12,13.607787283069193
VWrmNsQWTO,Oblique Crunch,2019-11-30 20:09:24.329 UTC,16,0.0
VWrmNsQWTO,Oblique Crunch,2019-11-30 20:09:24.329 UTC,16,0.0
VWrmNsQWTO,Bird Dog,2019-11-30 20:09:24.329 UTC,8,0.0
VWrmNsQWTO,Dumbbell Bent Over Row,2019-11-30 20:09:24.329 UTC,12,13.607787283069193
VWrmNsQWTO,Side Bend Stretch,2019-11-30 20:09:24.329 UTC,0,0.0
VWrmNsQWTO,Foam Roll Lats,2019-11-30 20:09:24.329 UTC,8,0.0
VWrmNsQWTO,Reverse Barbell Curl,2019-11-30 20:09:24.329 UTC,8,20.41168092460379
VWrmNsQWTO,Dumbbell Bent Over Row,2019-11-30 20:09:24.329 UTC,12,13.607787283069193
VWrmNsQWTO,Rack Pulls,2019-11-30 20:09:24.329 UTC,12,83.914688245593354
VWrmNsQWTO,Palms-Down Dumbbell Wrist Curl,2019-11-30 20:09:24.329 UTC,12,4.5359290943563977
VWrmNsQWTO,Cat Cow,2019-11-30 20:09:24.329 UTC,8,0.0
VWrmNsQWTO,Dumbbell Bicep Curl,2019-11-30 20:09:24.329 UTC,8,13.607787283069193
VWrmNsQWTO,Dumbbell Bicep Curl,2019-11-30 20:09:24.329 UTC,8,13.607787283069193
VWrmNsQWTO,Dumbbell Bicep Curl,2019-11-30 20:09:24.329 UTC,8,9.0718581887127954
VWrmNsQWTO,Pull Up,2019-11-30 20:09:24.329 UTC,13,0.0
VWrmNsQWTO,Dumbbell Row,2019-11-30 20:09:24.329 UTC,10,22.679645471781988
p70FVF9Ow1,Up Dog,2019-11-29 18:34:07.480 UTC,0,0.0
p70FVF9Ow1,Downward Dog,2019-11-29 18:34:07.480 UTC,0,0.0
p70FVF9Ow1,Foam Roll Quadriceps,2019-11-29 18:34:07.480 UTC,8,0.0
p70FVF9Ow1,Foam Roll Glutes,2019-11-29 18:34:07.480 UTC,8,0.0
p70FVF9Ow1,Air Squats,2019-11-29 18:34:07.480 UTC,8,0.0
p70FVF9Ow1,Dumbbell Lunge,2019-11-29 18:34:07.480 UTC,5,13.607787283069193
p70FVF9Ow1,Dumbbell Lunge,2019-11-29 18:34:07.480 UTC,5,13.607787283069193
p70FVF9Ow1,Elliptical,2019-11-29 18:34:07.480 UTC,0,0.0
p70FVF9Ow1,Clean,2019-11-29 18:34:07.480 UTC,8,20.41168092460379
p70FVF9Ow1,Air Squats,2019-11-29 18:34:07.480 UTC,18,0.0
p70FVF9Ow1,Running - Treadmill,2019-11-29 18:34:07.480 UTC,0,0.0
p70FVF9Ow1,Air Squats,2019-11-29 18:34:07.480 UTC,8,0.0
p70FVF9Ow1,Dumbbell Lunge,2019-11-29 18:34:07.480 UTC,5,13.607787283069193
p70FVF9Ow1,Dumbbell Lunge,2019-11-29 18:34:07.480 UTC,5,13.607787283069193
p70FVF9Ow1,Stomach Vacuum,2019-11-29 18:34:07.480 UTC,0,0.0
p70FVF9Ow1,Dumbbell Lunge,2019-11-29 18:34:07.480 UTC,5,13.607787283069193
p70FVF9Ow1,Air Squats,2019-11-29 18:34:07.480 UTC,18,0.0
p70FVF9Ow1,Downward Dog,2019-11-29 18:34:07.480 UTC,0,0.0
p70FVF9Ow1,Straight Leg Kickback,2019-11-29 18:34:07.480 UTC,8,0.0
p70FVF9Ow1,Inchworm,2019-11-29 18:34:07.480 UTC,8,0.0
p70FVF9Ow1,Air Squats,2019-11-29 18:34:07.480 UTC,18,0.0
p70FVF9Ow1,Straight Leg Kickback,2019-11-29 18:34:07.480 UTC,8,0.0
p70FVF9Ow1,Up Dog,2019-11-29 18:34:07.480 UTC,0,0.0
p70FVF9Ow1,Clean,2019-11-29 18:34:07.480 UTC,4,58.96707822663317
p70FVF9Ow1,Stomach Vacuum,2019-11-29 18:34:07.480 UTC,0,0.0
p70FVF9Ow1,Clean,2019-11-29 18:34:07.480 UTC,5,45.359290943563977
PBk8rEHWht,Barbell Bench Press,2019-11-27 22:39:12.027 UTC,5,49.895220037920375
PBk8rEHWht,Dumbbell Rear Delt Raise,2019-11-27 22:39:12.027 UTC,10,9.0718581887127954
PBk8rEHWht,Dumbbell Fly,2019-11-27 22:39:12.027 UTC,8,11.339822735890994
IbGFDhjFUw,Elliptical,2019-11-27 22:39:12.027 UTC,0,0.0
PBk8rEHWht,TRX Tricep Extension,2019-11-27 22:39:12.027 UTC,10,0.0
PBk8rEHWht,Vertical Knee Raise,2019-11-27 22:39:12.027 UTC,30,0.0
PBk8rEHWht,Barbell Bench Press,2019-11-27 22:39:12.027 UTC,7,83.914688245593354
PBk8rEHWht,Vertical Knee Raise,2019-11-27 22:39:12.027 UTC,30,0.0
PBk8rEHWht,Barbell Bench Press,2019-11-27 22:39:12.027 UTC,6,83.914688245593354
PBk8rEHWht,Back Extensions,2019-11-27 22:39:12.027 UTC,25,0.0
PBk8rEHWht,Dumbbell Fly,2019-11-27 22:39:12.027 UTC,8,13.607787283069193
PBk8rEHWht,Barbell Bench Press,2019-11-27 22:39:12.027 UTC,8,20.41168092460379
PBk8rEHWht,Back Extensions,2019-11-27 22:39:12.027 UTC,25,0.0
PBk8rEHWht,Dumbbell Fly,2019-11-27 22:39:12.027 UTC,8,15.87575183024739
PBk8rEHWht,Back Extensions,2019-11-27 22:39:12.027 UTC,25,0.0
PBk8rEHWht,TRX Tricep Extension,2019-11-27 22:39:12.027 UTC,10,0.0
PBk8rEHWht,Dumbbell Rear Delt Raise,2019-11-27 22:39:12.027 UTC,10,9.0718581887127954
PBk8rEHWht,Vertical Knee Raise,2019-11-27 22:39:12.027 UTC,30,0.0
PBk8rEHWht,Barbell Bench Press,2019-11-27 22:39:12.027 UTC,4,65.770971868167763
PBk8rEHWht,Dumbbell Fly,2019-11-27 22:39:12.027 UTC,8,15.87575183024739
PBk8rEHWht,Running - Treadmill,2019-11-27 22:39:12.027 UTC,0,0.0
PBk8rEHWht,Barbell Bench Press,2019-11-27 22:39:12.027 UTC,4,74.842830056880558
PBk8rEHWht,Elliptical,2019-11-27 22:39:12.027 UTC,0,0.0
PBk8rEHWht,Freemotion Shoulder Press,2019-11-27 22:39:12.027 UTC,8,38.555397302029377
PBk8rEHWht,TRX Tricep Extension,2019-11-27 22:39:12.027 UTC,10,0.0
PBk8rEHWht,Freemotion Shoulder Press,2019-11-27 22:39:12.027 UTC,8,38.555397302029377
3HKie5UF3c,Lunge,2019-11-25 15:04:00.356 UTC,12,0.0
3HKie5UF3c,Lunge,2019-11-25 15:04:00.356 UTC,12,0.0
3HKie5UF3c,Olympic Squat,2019-11-25 15:04:00.356 UTC,3,38.555397302029377
3HKie5UF3c,Seated Leg Curl,2019-11-25 15:04:00.356 UTC,12,43.091326396385774
3HKie5UF3c,Seated Leg Curl,2019-11-25 15:04:00.356 UTC,6,15.87575183024739
3HKie5UF3c,Crunches,2019-11-25 15:04:00.356 UTC,23,0.0
3HKie5UF3c,Lunge,2019-11-25 15:04:00.356 UTC,12,0.0
3HKie5UF3c,Olympic Squat,2019-11-25 15:04:00.356 UTC,5,49.895220037920375
3HKie5UF3c,Crunches,2019-11-25 15:04:00.356 UTC,23,0.0
3HKie5UF3c,Olympic Squat,2019-11-25 15:04:00.356 UTC,6,14.968566011376112
Jk1FBi6Fli,Running - Treadmill,2019-11-25 15:04:00.356 UTC,0,0.0
3HKie5UF3c,Olympic Squat,2019-11-25 15:04:00.356 UTC,3,45.359290943563977
3HKie5UF3c,Olympic Squat,2019-11-25 15:04:00.356 UTC,5,49.895220037920375
3HKie5UF3c,Olympic Squat,2019-11-25 15:04:00.356 UTC,5,29.483539113316585
3HKie5UF3c,Seated Leg Curl,2019-11-25 15:04:00.356 UTC,12,49.895220037920375
3HKie5UF3c,Seated Leg Curl,2019-11-25 15:04:00.356 UTC,6,29.483539113316585
3HKie5UF3c,Lunge,2019-11-25 15:04:00.356 UTC,12,0.0
3HKie5UF3c,Crunches,2019-11-25 15:04:00.356 UTC,23,0.0
bZKxWHkMz9,Barbell Bench Press,2019-11-23 18:49:01.490 UTC,10,20.41168092460379
bZKxWHkMz9,Barbell Bench Press,2019-11-23 18:49:01.490 UTC,8,74.842830056880558
bZKxWHkMz9,Cable Shoulder Press,2019-11-23 18:49:01.490 UTC,10,15.87575183024739
bZKxWHkMz9,Push Press,2019-11-23 18:49:01.490 UTC,10,31.75150366049478
bZKxWHkMz9,Barbell Bench Press,2019-11-23 18:49:01.490 UTC,8,45.359290943563977
bZKxWHkMz9,Push Press,2019-11-23 18:49:01.490 UTC,8,27.215574566138386
bZKxWHkMz9,Scissor Crossover Kick,2019-11-23 18:49:01.490 UTC,20,0.0
bZKxWHkMz9,Push Press,2019-11-23 18:49:01.490 UTC,8,15.87575183024739
Ciecze9XoA,Running - Treadmill,2019-11-23 18:49:01.490 UTC,0,0.0
bZKxWHkMz9,Barbell Bench Press,2019-11-23 18:49:01.490 UTC,7,74.842830056880558
bZKxWHkMz9,Barbell Bench Press,2019-11-23 18:49:01.490 UTC,5,74.842830056880558
bZKxWHkMz9,Barbell Bench Press,2019-11-23 18:49:01.490 UTC,5,74.842830056880558
bZKxWHkMz9,Decline Push Up,2019-11-23 18:49:01.490 UTC,13,0.0
bZKxWHkMz9,Elliptical,2019-11-23 18:49:01.490 UTC,0,0.0
bZKxWHkMz9,Seated Tricep Press,2019-11-23 18:49:01.490 UTC,8,15.87575183024739
bZKxWHkMz9,Seated Tricep Press,2019-11-23 18:49:01.490 UTC,11,18.143716377425591
bZKxWHkMz9,Decline Push Up,2019-11-23 18:49:01.490 UTC,13,0.0
bZKxWHkMz9,Cable Shoulder Press,2019-11-23 18:49:01.490 UTC,10,15.87575183024739
bZKxWHkMz9,Push Press,2019-11-23 18:49:01.490 UTC,8,24.947610018960187
bZKxWHkMz9,Mini Loop Band Tricep Press,2019-11-23 18:49:01.490 UTC,8,0.0
bZKxWHkMz9,Push Press,2019-11-23 18:49:01.490 UTC,10,31.75150366049478
bZKxWHkMz9,Bosu Ball Push Up,2019-11-23 18:49:01.490 UTC,16,0.0
bZKxWHkMz9,Dead Bug,2019-11-23 18:49:01.490 UTC,12,0.0
bZKxWHkMz9,Cable Shoulder Press,2019-11-23 18:49:01.490 UTC,10,15.87575183024739
bZKxWHkMz9,Barbell Bench Press,2019-11-23 18:49:01.490 UTC,8,74.842830056880558
bZKxWHkMz9,Cable Shoulder Press,2019-11-23 18:49:01.490 UTC,10,15.87575183024739
bZKxWHkMz9,Dead Bug,2019-11-23 18:49:01.490 UTC,12,0.0
bZKxWHkMz9,Mini Loop Band Tricep Press,2019-11-23 18:49:01.490 UTC,10,0.0
bZKxWHkMz9,Bosu Ball Push Up,2019-11-23 18:49:01.490 UTC,16,0.0
bZKxWHkMz9,Bosu Ball Push Up,2019-11-23 18:49:01.490 UTC,16,0.0
bZKxWHkMz9,Scissor Crossover Kick,2019-11-23 18:49:01.490 UTC,20,0.0
bZKxWHkMz9,Seated Tricep Press,2019-11-23 18:49:01.490 UTC,11,18.143716377425591
bZKxWHkMz9,Seated Tricep Press,2019-11-23 18:49:01.490 UTC,8,13.607787283069193
bZKxWHkMz9,Running - Treadmill,2019-11-23 18:49:01.490 UTC,0,0.0
bZKxWHkMz9,Decline Push Up,2019-11-23 18:49:01.490 UTC,13,0.0
bZKxWHkMz9,Decline Push Up,2019-11-23 18:49:01.490 UTC,13,0.0
cWMWjmuE46,Machine Preacher Curl,2019-11-22 14:42:41.410 UTC,12,22.679645471781988
cWMWjmuE46,Exercise Ball Crunch,2019-11-22 14:42:41.410 UTC,17,0.0
cWMWjmuE46,Bent Over Barbell Row,2019-11-22 14:42:41.410 UTC,10,38.555397302029377
cWMWjmuE46,Exercise Ball Crunch,2019-11-22 14:42:41.410 UTC,17,0.0
cWMWjmuE46,Machine Preacher Curl,2019-11-22 14:42:41.410 UTC,12,22.679645471781988
cWMWjmuE46,Superman,2019-11-22 14:42:41.410 UTC,23,0.0
cWMWjmuE46,Concentration Curl,2019-11-22 14:42:41.410 UTC,10,9.0718581887127954
cWMWjmuE46,Running - Treadmill,2019-11-22 14:42:41.410 UTC,0,0.0
cWMWjmuE46,Concentration Curl,2019-11-22 14:42:41.410 UTC,10,9.0718581887127954
cWMWjmuE46,Superman,2019-11-22 14:42:41.410 UTC,23,0.0
cWMWjmuE46,Bent Over Barbell Row,2019-11-22 14:42:41.410 UTC,8,36.287432754851181
cWMWjmuE46,Bent Over Barbell Row,2019-11-22 14:42:41.410 UTC,10,20.41168092460379
cWMWjmuE46,Superman,2019-11-22 14:42:41.410 UTC,23,0.0
cWMWjmuE46,Machine Preacher Curl,2019-11-22 14:42:41.410 UTC,12,22.679645471781988
cWMWjmuE46,Pull Up,2019-11-22 14:42:41.410 UTC,11,0.0
cWMWjmuE46,Pull Up,2019-11-22 14:42:41.410 UTC,10,0.0
cWMWjmuE46,Exercise Ball Crunch,2019-11-22 14:42:41.410 UTC,17,0.0
cWMWjmuE46,Bent Over Barbell Row,2019-11-22 14:42:41.410 UTC,8,38.555397302029377
cWMWjmuE46,Pull Up,2019-11-22 14:42:41.410 UTC,13,0.0
cWMWjmuE46,Concentration Curl,2019-11-22 14:42:41.410 UTC,10,9.0718581887127954
cWMWjmuE46,Bent Over Barbell Row,2019-11-22 14:42:41.410 UTC,8,31.75150366049478
uk4Zor64E5,Seated Barbell Shoulder Press,2019-11-13 23:18:00.356 UTC,10,34.019468207672979
uk4Zor64E5,Dumbbell Incline Bench Press,2019-11-13 23:18:00.356 UTC,10,24.947610018960187
uk4Zor64E5,Dumbbell Skullcrusher,2019-11-13 23:18:00.356 UTC,5,11.339822735890994
uk4Zor64E5,Incline Barbell Skull Crusher,2019-11-13 23:18:00.356 UTC,10,20.41168092460379
uk4Zor64E5,Dumbbell Incline Fly,2019-11-13 23:18:00.356 UTC,10,11.339822735890994
uk4Zor64E5,Seated Barbell Shoulder Press,2019-11-13 23:18:00.356 UTC,10,34.019468207672979
uk4Zor64E5,Flutter Kicks,2019-11-13 23:18:00.356 UTC,25,0.0
uk4Zor64E5,Incline Barbell Skull Crusher,2019-11-13 23:18:00.356 UTC,10,20.41168092460379
uk4Zor64E5,Seated Barbell Shoulder Press,2019-11-13 23:18:00.356 UTC,10,20.41168092460379
uk4Zor64E5,Flutter Kicks,2019-11-13 23:18:00.356 UTC,25,0.0
uk4Zor64E5,Dumbbell Incline Bench Press,2019-11-13 23:18:00.356 UTC,10,27.215574566138386
uk4Zor64E5,Seated Barbell Shoulder Press,2019-11-13 23:18:00.356 UTC,10,34.019468207672979
uk4Zor64E5,Dumbbell Incline Fly,2019-11-13 23:18:00.356 UTC,10,11.339822735890994
uk4Zor64E5,Dumbbell Skullcrusher,2019-11-13 23:18:00.356 UTC,5,11.339822735890994
uk4Zor64E5,Dumbbell Skullcrusher,2019-11-13 23:18:00.356 UTC,5,11.339822735890994
uk4Zor64E5,Flutter Kicks,2019-11-13 23:18:00.356 UTC,25,0.0
uk4Zor64E5,Dumbbell Incline Bench Press,2019-11-13 23:18:00.356 UTC,10,22.679645471781988
uk4Zor64E5,Running - Treadmill,2019-11-13 23:18:00.356 UTC,0,0.0
uk4Zor64E5,Incline Barbell Skull Crusher,2019-11-13 23:18:00.356 UTC,10,20.41168092460379
uk4Zor64E5,Dumbbell Incline Fly,2019-11-13 23:18:00.356 UTC,10,11.339822735890994
i9rhIkp4eS,Bicycle Crunch,2019-11-02 18:16:49.303 UTC,28,0.0
i9rhIkp4eS,Incline Dumbbell Curl,2019-11-02 18:16:49.303 UTC,8,9.0718581887127954
i9rhIkp4eS,Pull Up,2019-11-02 18:16:49.303 UTC,9,0.0
i9rhIkp4eS,Pull Up,2019-11-02 18:16:49.303 UTC,12,0.0
i9rhIkp4eS,Barbell Curl,2019-11-02 18:16:49.303 UTC,8,27.215574566138386
i9rhIkp4eS,Pull Up,2019-11-02 18:16:49.303 UTC,12,0.0
i9rhIkp4eS,Stiff-Legged Barbell Good Morning,2019-11-02 18:16:49.303 UTC,10,27.215574566138386
i9rhIkp4eS,V-Bar Pulldown,2019-11-02 18:16:49.303 UTC,8,22.679645471781988
i9rhIkp4eS,Incline Dumbbell Curl,2019-11-02 18:16:49.303 UTC,8,9.0718581887127954
i9rhIkp4eS,Pull Up,2019-11-02 18:16:49.303 UTC,12,0.0
i9rhIkp4eS,Incline Dumbbell Curl,2019-11-02 18:16:49.303 UTC,8,9.0718581887127954
i9rhIkp4eS,Barbell Curl,2019-11-02 18:16:49.303 UTC,8,27.215574566138386
i9rhIkp4eS,Stiff-Legged Barbell Good Morning,2019-11-02 18:16:49.303 UTC,10,27.215574566138386
i9rhIkp4eS,Stiff-Legged Barbell Good Morning,2019-11-02 18:16:49.303 UTC,8,20.41168092460379
i9rhIkp4eS,Chest Doorway Stretch,2019-11-02 18:16:49.303 UTC,0,0.0
i9rhIkp4eS,Barbell Curl,2019-11-02 18:16:49.303 UTC,8,27.215574566138386
i9rhIkp4eS,Reverse Grip Pull Down,2019-11-02 18:16:49.303 UTC,8,45.359290943563977
i9rhIkp4eS,Reverse Grip Pull Down,2019-11-02 18:16:49.303 UTC,8,45.359290943563977
i9rhIkp4eS,Barbell Curl,2019-11-02 18:16:49.303 UTC,8,15.87575183024739
i9rhIkp4eS,V-Bar Pulldown,2019-11-02 18:16:49.303 UTC,8,38.555397302029377
i9rhIkp4eS,Kettlebell Sumo High Pull,2019-11-02 18:16:49.303 UTC,10,20.41168092460379
i9rhIkp4eS,Stir the Pot,2019-11-02 18:16:49.303 UTC,8,0.0
i9rhIkp4eS,Kettlebell Sumo High Pull,2019-11-02 18:16:49.303 UTC,10,20.41168092460379
i9rhIkp4eS,Bicycle Crunch,2019-11-02 18:16:49.303 UTC,28,0.0
i9rhIkp4eS,Foam Roll Upper Back,2019-11-02 18:16:49.303 UTC,8,0.0
i9rhIkp4eS,Supine Back Stretch,2019-11-02 18:16:49.303 UTC,0,0.0
i9rhIkp4eS,Barbell Curl,2019-11-02 18:16:49.303 UTC,8,27.215574566138386
i9rhIkp4eS,V-Bar Pulldown,2019-11-02 18:16:49.303 UTC,10,52.16318458509857
i9rhIkp4eS,V-Bar Pulldown,2019-11-02 18:16:49.303 UTC,10,52.16318458509857
i9rhIkp4eS,Chest Doorway Stretch,2019-11-02 18:16:49.303 UTC,0,0.0
i9rhIkp4eS,Stir the Pot,2019-11-02 18:16:49.303 UTC,8,0.0
i9rhIkp4eS,Pull Up,2019-11-02 18:16:49.303 UTC,10,0.0
i9rhIkp4eS,Reverse Grip Pull Down,2019-11-02 18:16:49.303 UTC,8,45.359290943563977
i9rhIkp4eS,Kettlebell Sumo High Pull,2019-11-02 18:16:49.303 UTC,10,20.41168092460379
i9rhIkp4eS,Stiff-Legged Barbell Good Morning,2019-11-02 18:16:49.303 UTC,8,24.947610018960187
i9rhIkp4eS,V-Bar Pulldown,2019-11-02 18:16:49.303 UTC,8,45.359290943563977
i9rhIkp4eS,Elliptical,2019-11-02 18:16:49.303 UTC,0,0.0
i9rhIkp4eS,Reverse Grip Pull Down,2019-11-02 18:16:49.303 UTC,8,45.359290943563977
i9rhIkp4eS,Supine Back Stretch,2019-11-02 18:16:49.303 UTC,0,0.0
i9rhIkp4eS,Foam Roll Lats,2019-11-02 18:16:49.303 UTC,8,0.0
i9rhIkp4eS,Reverse Leg Crossover,2019-11-02 18:16:49.303 UTC,8,0.0
i9rhIkp4eS,Running - Treadmill,2019-11-02 18:16:49.303 UTC,0,0.0
ixXAhDhyJB,Cable Rope Tricep Extension,2019-10-31 13:54:19.357 UTC,11,43.091326396385774
ixXAhDhyJB,Dumbbell Shoulder Press,2019-10-31 13:54:19.357 UTC,10,18.143716377425591
ixXAhDhyJB,Cable Rope Tricep Extension,2019-10-31 13:54:19.357 UTC,8,31.75150366049478
ixXAhDhyJB,Cable Crossover Fly,2019-10-31 13:54:19.357 UTC,11,20.41168092460379
ixXAhDhyJB,Cable Rope Tricep Extension,2019-10-31 13:54:19.357 UTC,11,43.091326396385774
ixXAhDhyJB,Cable Rope Tricep Extension,2019-10-31 13:54:19.357 UTC,8,36.287432754851181
ixXAhDhyJB,TRX Pike,2019-10-31 13:54:19.357 UTC,12,0.0
ixXAhDhyJB,Running - Treadmill,2019-10-31 13:54:19.357 UTC,0,0.0
ixXAhDhyJB,Dumbbell Shoulder Press,2019-10-31 13:54:19.357 UTC,10,15.87575183024739
ixXAhDhyJB,Barbell Bench Press,2019-10-31 13:54:19.357 UTC,10,20.41168092460379
ixXAhDhyJB,Dumbbell Shoulder Press,2019-10-31 13:54:19.357 UTC,10,18.143716377425591
ixXAhDhyJB,Cable Crossover Fly,2019-10-31 13:54:19.357 UTC,11,20.41168092460379
ixXAhDhyJB,Barbell Bench Press,2019-10-31 13:54:19.357 UTC,8,79.378759151236949
ixXAhDhyJB,Barbell Bench Press,2019-10-31 13:54:19.357 UTC,8,79.378759151236949
ixXAhDhyJB,Barbell Bench Press,2019-10-31 13:54:19.357 UTC,8,79.378759151236949
ixXAhDhyJB,Cable Crossover Fly,2019-10-31 13:54:19.357 UTC,11,15.87575183024739
ixXAhDhyJB,Barbell Bench Press,2019-10-31 13:54:19.357 UTC,8,47.627255490742172
ixXAhDhyJB,Cable Rope Tricep Extension,2019-10-31 13:54:19.357 UTC,8,18.143716377425591
ixXAhDhyJB,Barbell Bench Press,2019-10-31 13:54:19.357 UTC,8,79.378759151236949
PWgiEMJGN2,Bosu Ball Squat,2019-10-29 13:29:23.493 UTC,10,9.0718581887127954
PWgiEMJGN2,Deadlift,2019-10-29 13:29:23.493 UTC,10,20.41168092460379
PWgiEMJGN2,Burpee,2019-10-29 13:29:23.493 UTC,15,0.0
PWgiEMJGN2,Toes to Bar,2019-10-29 13:29:23.493 UTC,11,0.0
PWgiEMJGN2,Deadlift,2019-10-29 13:29:23.493 UTC,8,56.699113679454967
PWgiEMJGN2,Bosu Ball Squat,2019-10-29 13:29:23.493 UTC,10,9.0718581887127954
PWgiEMJGN2,Burpee,2019-10-29 13:29:23.493 UTC,15,0.0
PWgiEMJGN2,Toes to Bar,2019-10-29 13:29:23.493 UTC,11,0.0
PWgiEMJGN2,Leg Extension,2019-10-29 13:29:23.493 UTC,15,22.679645471781988
PWgiEMJGN2,Deadlift,2019-10-29 13:29:23.493 UTC,8,95.254510981484344
PWgiEMJGN2,Bosu Ball Squat,2019-10-29 13:29:23.493 UTC,10,9.0718581887127954
PWgiEMJGN2,Burpee,2019-10-29 13:29:23.493 UTC,15,0.0
PWgiEMJGN2,Leg Extension,2019-10-29 13:29:23.493 UTC,15,22.679645471781988
PWgiEMJGN2,Deadlift,2019-10-29 13:29:23.493 UTC,8,95.254510981484344
PWgiEMJGN2,Running - Treadmill,2019-10-29 13:29:23.493 UTC,0,0.0
PWgiEMJGN2,Leg Extension,2019-10-29 13:29:23.493 UTC,15,22.679645471781988
PWgiEMJGN2,Leg Extension,2019-10-29 13:29:23.493 UTC,15,22.679645471781988
PWgiEMJGN2,Deadlift,2019-10-29 13:29:23.493 UTC,8,95.254510981484344
PWgiEMJGN2,Burpee,2019-10-29 13:29:23.493 UTC,15,0.0
PWgiEMJGN2,Bosu Ball Squat,2019-10-29 13:29:23.493 UTC,10,9.0718581887127954
PWgiEMJGN2,Deadlift,2019-10-29 13:29:23.493 UTC,3,86.182652792771549
uGRPoAyf3N,Running - Treadmill,2019-10-29 01:03:32.939 UTC,0,0.0
uGRPoAyf3N,Rowing,2019-10-29 01:03:32.939 UTC,0,0.0
uGRPoAyf3N,Reverse Crunch,2019-10-29 01:03:32.939 UTC,17,0.0
uGRPoAyf3N,Wide Grip Lat Pulldown,2019-10-29 01:03:32.939 UTC,8,31.75150366049478
uGRPoAyf3N,Wide Grip Lat Pulldown,2019-10-29 01:03:32.939 UTC,8,27.215574566138386
uGRPoAyf3N,Dumbbell Upright Row,2019-10-29 01:03:32.939 UTC,15,6.8038936415345965
uGRPoAyf3N,Dumbbell Bicep Curl,2019-10-29 01:03:32.939 UTC,11,9.0718581887127954
Ur1jCpChWN,Rowing,2019-10-29 01:03:32.939 UTC,0,0.0
uGRPoAyf3N,Stability Ball Hyperextension,2019-10-29 01:03:32.939 UTC,15,0.0
uGRPoAyf3N,Dumbbell Upright Row,2019-10-29 01:03:32.939 UTC,15,6.8038936415345965
uGRPoAyf3N,Pull Up,2019-10-29 01:03:32.939 UTC,15,0.0
uGRPoAyf3N,Stability Ball Hyperextension,2019-10-29 01:03:32.939 UTC,15,0.0
uGRPoAyf3N,Pull Up,2019-10-29 01:03:32.939 UTC,14,0.0
uGRPoAyf3N,Pull Up,2019-10-29 01:03:32.939 UTC,11,0.0
uGRPoAyf3N,Dumbbell Bicep Curl,2019-10-29 01:03:32.939 UTC,11,9.0718581887127954
uGRPoAyf3N,Stability Ball Hyperextension,2019-10-29 01:03:32.939 UTC,15,0.0
uGRPoAyf3N,Pull Up,2019-10-29 01:03:32.939 UTC,15,0.0
uGRPoAyf3N,Dumbbell Upright Row,2019-10-29 01:03:32.939 UTC,15,6.8038936415345965
uGRPoAyf3N,Reverse Crunch,2019-10-29 01:03:32.939 UTC,17,0.0
uGRPoAyf3N,Wide Grip Lat Pulldown,2019-10-29 01:03:32.939 UTC,12,38.555397302029377
uGRPoAyf3N,Dumbbell Bicep Curl,2019-10-29 01:03:32.939 UTC,11,9.0718581887127954
uGRPoAyf3N,Wide Grip Lat Pulldown,2019-10-29 01:03:32.939 UTC,12,38.555397302029377
uGRPoAyf3N,Dumbbell Bicep Curl,2019-10-29 01:03:32.939 UTC,11,9.0718581887127954
uGRPoAyf3N,Reverse Crunch,2019-10-29 01:03:32.939 UTC,17,0.0
Y1A3y82nYK,Dumbbell Bench Press,2019-10-26 21:08:09.665 UTC,8,20.41168092460379
Y1A3y82nYK,Dumbbell Bench Press,2019-10-26 21:08:09.665 UTC,8,29.483539113316585
Y1A3y82nYK,Dumbbell Floor Press,2019-10-26 21:08:09.665 UTC,18,22.679645471781988
Y1A3y82nYK,Sit Up,2019-10-26 21:08:09.665 UTC,15,0.0
Y1A3y82nYK,Dumbbell Bench Press,2019-10-26 21:08:09.665 UTC,8,24.947610018960187
Y1A3y82nYK,Dumbbell Squat To Shoulder Press,2019-10-26 21:08:09.665 UTC,4,11.339822735890994
Y1A3y82nYK,Cable Rear Delt Fly,2019-10-26 21:08:09.665 UTC,12,13.607787283069193
Y1A3y82nYK,Dumbbell Bench Press,2019-10-26 21:08:09.665 UTC,8,29.483539113316585
Y1A3y82nYK,Dumbbell Squat To Shoulder Press,2019-10-26 21:08:09.665 UTC,4,11.339822735890994
Y1A3y82nYK,Dumbbell Squat To Shoulder Press,2019-10-26 21:08:09.665 UTC,4,11.339822735890994
Y1A3y82nYK,Cable Tricep Pushdown,2019-10-26 21:08:09.665 UTC,8,18.143716377425591
Y1A3y82nYK,Turkish Get Up,2019-10-26 21:08:09.665 UTC,5,13.607787283069193
Y1A3y82nYK,Dumbbell Floor Press,2019-10-26 21:08:09.665 UTC,8,18.143716377425591
Y1A3y82nYK,Cable Tricep Pushdown,2019-10-26 21:08:09.665 UTC,15,29.483539113316585
Y1A3y82nYK,Turkish Get Up,2019-10-26 21:08:09.665 UTC,5,13.607787283069193
Y1A3y82nYK,Turkish Get Up,2019-10-26 21:08:09.665 UTC,5,13.607787283069193
Y1A3y82nYK,Dumbbell Floor Press,2019-10-26 21:08:09.665 UTC,19,22.679645471781988
Y1A3y82nYK,Cable Rear Delt Fly,2019-10-26 21:08:09.665 UTC,12,13.607787283069193
Y1A3y82nYK,Dumbbell Squat To Shoulder Press,2019-10-26 21:08:09.665 UTC,4,11.339822735890994
Y1A3y82nYK,Sit Up,2019-10-26 21:08:09.665 UTC,15,0.0
Y1A3y82nYK,Cable Tricep Pushdown,2019-10-26 21:08:09.665 UTC,15,29.483539113316585
Y1A3y82nYK,Sit Up,2019-10-26 21:08:09.665 UTC,15,0.0
Y1A3y82nYK,Cable Tricep Pushdown,2019-10-26 21:08:09.665 UTC,15,29.483539113316585
Y1A3y82nYK,Cable Rear Delt Fly,2019-10-26 21:08:09.665 UTC,12,13.607787283069193
Y1A3y82nYK,Dumbbell Floor Press,2019-10-26 21:08:09.665 UTC,8,20.41168092460379
Y1A3y82nYK,Dumbbell Squat To Shoulder Press,2019-10-26 21:08:09.665 UTC,4,11.339822735890994
p9BVANYNva,Clean Deadlift,2019-10-25 13:32:09.032 UTC,3,72.574865509702363
p9BVANYNva,Front Squat,2019-10-25 13:32:09.032 UTC,4,38.555397302029377
p9BVANYNva,Front Squat,2019-10-25 13:32:09.032 UTC,2,68.038936415345958
p9BVANYNva,Clean Deadlift,2019-10-25 13:32:09.032 UTC,5,81.646723698415158
p9BVANYNva,Front Squat,2019-10-25 13:32:09.032 UTC,2,65.770971868167763
p9BVANYNva,Front Squat,2019-10-25 13:32:09.032 UTC,2,63.50300732098956
p9BVANYNva,Clean Deadlift,2019-10-25 13:32:09.032 UTC,5,81.646723698415158
p9BVANYNva,Elliptical,2019-10-25 13:32:09.032 UTC,0,0.0
p9BVANYNva,Front Squat,2019-10-25 13:32:09.032 UTC,4,14.968566011376112
p9BVANYNva,Bulgarian Split Squat,2019-10-25 13:32:09.032 UTC,12,20.41168092460379
p9BVANYNva,Front Squat,2019-10-25 13:32:09.032 UTC,2,63.50300732098956
p9BVANYNva,Front Squat,2019-10-25 13:32:09.032 UTC,2,63.50300732098956
p9BVANYNva,Front Squat,2019-10-25 13:32:09.032 UTC,2,70.306900962524153
p9BVANYNva,Plank,2019-10-25 13:32:09.032 UTC,0,0.0
p9BVANYNva,Clean Deadlift,2019-10-25 13:32:09.032 UTC,10,14.968566011376112
p9BVANYNva,Clean Deadlift,2019-10-25 13:32:09.032 UTC,10,43.091326396385774
p9BVANYNva,Bulgarian Split Squat,2019-10-25 13:32:09.032 UTC,12,20.41168092460379
p9BVANYNva,Clean Deadlift,2019-10-25 13:32:09.032 UTC,5,81.646723698415158
p9BVANYNva,Plank,2019-10-25 13:32:09.032 UTC,0,0.0
p9BVANYNva,Bulgarian Split Squat,2019-10-25 13:32:09.032 UTC,12,20.41168092460379
p9BVANYNva,Plank,2019-10-25 13:32:09.032 UTC,0,0.0
47aDptqP56,Barbell Bench Press,2019-10-24 13:46:08.811 UTC,6,86.182652792771549
47aDptqP56,Barbell Bench Press,2019-10-24 13:46:08.811 UTC,6,86.182652792771549
47aDptqP56,Rowing,2019-10-24 13:46:08.811 UTC,0,0.0
47aDptqP56,Barbell Bench Press,2019-10-24 13:46:08.811 UTC,10,20.41168092460379
47aDptqP56,Single Arm Dumbbell Tricep Extension,2019-10-24 13:46:08.811 UTC,10,9.0718581887127954
47aDptqP56,Barbell Bench Press,2019-10-24 13:46:08.811 UTC,6,86.182652792771549
47aDptqP56,Barbell Bench Press,2019-10-24 13:46:08.811 UTC,8,52.16318458509857
47aDptqP56,Single Arm Dumbbell Tricep Extension,2019-10-24 13:46:08.811 UTC,10,9.0718581887127954
47aDptqP56,Single Arm Dumbbell Tricep Extension,2019-10-24 13:46:08.811 UTC,10,9.0718581887127954
vJeDOVjpss,Cable Wood Chop,2019-10-23 14:15:26.768 UTC,10,20.41168092460379
vJeDOVjpss,Dumbbell Shrug,2019-10-23 14:15:26.768 UTC,12,22.679645471781988
vJeDOVjpss,Shotgun Row,2019-10-23 14:15:26.768 UTC,10,34.019468207672979
vJeDOVjpss,Cable Wood Chop,2019-10-23 14:15:26.768 UTC,10,15.87575183024739
vJeDOVjpss,Dumbbell Shrug,2019-10-23 14:15:26.768 UTC,12,22.679645471781988
vJeDOVjpss,Chin Up,2019-10-23 14:15:26.768 UTC,12,0.0
vJeDOVjpss,Dumbbell Shrug,2019-10-23 14:15:26.768 UTC,12,22.679645471781988
vJeDOVjpss,Seated Dumbbell Curl,2019-10-23 14:15:26.768 UTC,10,11.339822735890994
vJeDOVjpss,Chin Up,2019-10-23 14:15:26.768 UTC,12,0.0
vJeDOVjpss,Dumbbell Shrug,2019-10-23 14:15:26.768 UTC,12,22.679645471781988
vJeDOVjpss,Running - Treadmill,2019-10-23 14:15:26.768 UTC,0,0.0
vJeDOVjpss,Seated Dumbbell Curl,2019-10-23 14:15:26.768 UTC,10,11.339822735890994
vJeDOVjpss,Seated Dumbbell Curl,2019-10-23 14:15:26.768 UTC,10,11.339822735890994
vJeDOVjpss,Seated Dumbbell Curl,2019-10-23 14:15:26.768 UTC,10,11.339822735890994
vJeDOVjpss,Chin Up,2019-10-23 14:15:26.768 UTC,13,0.0
vJeDOVjpss,Chin Up,2019-10-23 14:15:26.768 UTC,16,0.0
vJeDOVjpss,Shotgun Row,2019-10-23 14:15:26.768 UTC,10,34.019468207672979
vJeDOVjpss,Cable Wood Chop,2019-10-23 14:15:26.768 UTC,10,24.947610018960187
vJeDOVjpss,Shotgun Row,2019-10-23 14:15:26.768 UTC,10,34.019468207672979
vJeDOVjpss,Shotgun Row,2019-10-23 14:15:26.768 UTC,8,20.41168092460379
l5KUeEghKg,Good Morning,2019-10-20 15:34:41.311 UTC,8,43.091326396385774
l5KUeEghKg,Back Squat,2019-10-20 15:34:41.311 UTC,3,86.182652792771549
l5KUeEghKg,Cable Crunch,2019-10-20 15:34:41.311 UTC,12,52.16318458509857
l5KUeEghKg,Cable Crunch,2019-10-20 15:34:41.311 UTC,8,45.359290943563977
l5KUeEghKg,Cable Crunch,2019-10-20 15:34:41.311 UTC,8,38.555397302029377
l5KUeEghKg,Single Leg Glute Bridge,2019-10-20 15:34:41.311 UTC,10,0.0
l5KUeEghKg,Good Morning,2019-10-20 15:34:41.311 UTC,8,43.091326396385774
l5KUeEghKg,Back Squat,2019-10-20 15:34:41.311 UTC,3,86.182652792771549
l5KUeEghKg,Back Squat,2019-10-20 15:34:41.311 UTC,3,86.182652792771549
l5KUeEghKg,Single Leg Glute Bridge,2019-10-20 15:34:41.311 UTC,10,0.0
l5KUeEghKg,Single Leg Glute Bridge,2019-10-20 15:34:41.311 UTC,10,0.0
l5KUeEghKg,Elliptical,2019-10-20 15:34:41.311 UTC,0,0.0
l5KUeEghKg,Back Squat,2019-10-20 15:34:41.311 UTC,6,20.41168092460379
xghBIUMPpK,Elliptical,2019-10-20 15:34:41.311 UTC,0,0.0
l5KUeEghKg,Good Morning,2019-10-20 15:34:41.311 UTC,8,43.091326396385774
l5KUeEghKg,Cable Crunch,2019-10-20 15:34:41.311 UTC,12,52.16318458509857
l5KUeEghKg,Good Morning,2019-10-20 15:34:41.311 UTC,8,43.091326396385774
l5KUeEghKg,Good Morning,2019-10-20 15:34:41.311 UTC,5,31.75150366049478
l5KUeEghKg,Back Squat,2019-10-20 15:34:41.311 UTC,3,86.182652792771549
l5KUeEghKg,Good Morning,2019-10-20 15:34:41.311 UTC,10,20.41168092460379
l5KUeEghKg,Back Squat,2019-10-20 15:34:41.311 UTC,3,86.182652792771549
l5KUeEghKg,Single Leg Glute Bridge,2019-10-20 15:34:41.311 UTC,10,0.0
l5KUeEghKg,Back Squat,2019-10-20 15:34:41.311 UTC,6,52.16318458509857
mQHGhsrJkI,Foam Roll Lats,2019-10-19 19:45:56.045 UTC,8,0.0
mQHGhsrJkI,Reach Behind and Open,2019-10-19 19:45:56.045 UTC,0,0.0
mQHGhsrJkI,Lateral Isometric Neck,2019-10-19 19:45:56.045 UTC,8,0.0
mQHGhsrJkI,Tricep Stretch,2019-10-19 19:45:56.045 UTC,0,0.0
mQHGhsrJkI,Tricep Stretch,2019-10-19 19:45:56.045 UTC,0,0.0
mQHGhsrJkI,Reach Behind and Open,2019-10-19 19:45:56.045 UTC,0,0.0
mQHGhsrJkI,Wall Slide Stretch,2019-10-19 19:45:56.045 UTC,8,0.0
mQHGhsrJkI,Running - Treadmill,2019-10-19 19:45:56.045 UTC,0,0.0
mQHGhsrJkI,Rowing,2019-10-19 19:45:56.045 UTC,0,0.0
mQHGhsrJkI,Wall Slide Stretch,2019-10-19 19:45:56.045 UTC,8,0.0
mQHGhsrJkI,Lateral Isometric Neck,2019-10-19 19:45:56.045 UTC,8,0.0
mQHGhsrJkI,Foam Roll Chest,2019-10-19 19:45:56.045 UTC,8,0.0
xZWdv3MYBx,Barbell Shoulder Press,2019-10-18 13:25:49.903 UTC,6,47.627255490742172
xZWdv3MYBx,Posterior Isometric Neck,2019-10-18 13:25:49.903 UTC,11,0.0
xZWdv3MYBx,Cable Lateral Raise,2019-10-18 13:25:49.903 UTC,8,6.8038936415345965
xZWdv3MYBx,Cable Face Pull,2019-10-18 13:25:49.903 UTC,10,34.019468207672979
xZWdv3MYBx,Hanging Leg Raise,2019-10-18 13:25:49.903 UTC,16,0.0
xZWdv3MYBx,Cycling - Stationary,2019-10-18 13:25:49.903 UTC,0,0.0
xZWdv3MYBx,Barbell Shoulder Press,2019-10-18 13:25:49.903 UTC,6,47.627255490742172
xZWdv3MYBx,Barbell Shoulder Press,2019-10-18 13:25:49.903 UTC,6,47.627255490742172
xZWdv3MYBx,Cable Face Pull,2019-10-18 13:25:49.903 UTC,8,18.143716377425591
xZWdv3MYBx,Cable Lateral Raise,2019-10-18 13:25:49.903 UTC,8,6.8038936415345965
xZWdv3MYBx,Posterior Isometric Neck,2019-10-18 13:25:49.903 UTC,11,0.0
xZWdv3MYBx,Posterior Isometric Neck,2019-10-18 13:25:49.903 UTC,11,0.0
xZWdv3MYBx,Side Bridge,2019-10-18 13:25:49.903 UTC,0,0.0
xZWdv3MYBx,Cable Face Pull,2019-10-18 13:25:49.903 UTC,12,34.019468207672979
xZWdv3MYBx,Dumbbell Back Fly,2019-10-18 13:25:49.903 UTC,12,6.8038936415345965
xZWdv3MYBx,Dumbbell Back Fly,2019-10-18 13:25:49.903 UTC,12,6.8038936415345965
xZWdv3MYBx,Hanging Leg Raise,2019-10-18 13:25:49.903 UTC,16,0.0
xZWdv3MYBx,Posterior Isometric Neck,2019-10-18 13:25:49.903 UTC,11,0.0
xZWdv3MYBx,Weighted Ball Hyperextension,2019-10-18 13:25:49.903 UTC,10,11.339822735890994
xZWdv3MYBx,Cable Face Pull,2019-10-18 13:25:49.903 UTC,10,34.019468207672979
xZWdv3MYBx,Side Bridge,2019-10-18 13:25:49.903 UTC,0,0.0
xZWdv3MYBx,Barbell Shoulder Press,2019-10-18 13:25:49.903 UTC,10,14.968566011376112
xZWdv3MYBx,Barbell Shoulder Press,2019-10-18 13:25:49.903 UTC,5,36.287432754851181
xZWdv3MYBx,Cable Face Pull,2019-10-18 13:25:49.903 UTC,8,34.019468207672979
xZWdv3MYBx,Barbell Shoulder Press,2019-10-18 13:25:49.903 UTC,6,47.627255490742172
xZWdv3MYBx,Cable Lateral Raise,2019-10-18 13:25:49.903 UTC,8,6.8038936415345965
xZWdv3MYBx,Cable Lateral Raise,2019-10-18 13:25:49.903 UTC,8,6.8038936415345965
xZWdv3MYBx,Dumbbell Back Fly,2019-10-18 13:25:49.903 UTC,12,6.8038936415345965
xZWdv3MYBx,Weighted Ball Hyperextension,2019-10-18 13:25:49.903 UTC,10,11.339822735890994
FUgawNJkI5,Barbell Bench Press,2019-10-17 13:54:12.172 UTC,5,20.41168092460379
FUgawNJkI5,Barbell Bench Press,2019-10-17 13:54:12.172 UTC,1,65.770971868167763
FUgawNJkI5,Tricep Overhead Extension with Rope,2019-10-17 13:54:12.172 UTC,12,34.019468207672979
FUgawNJkI5,Barbell Bench Press,2019-10-17 13:54:12.172 UTC,5,77.110794604058754
FUgawNJkI5,Tricep Overhead Extension with Rope,2019-10-17 13:54:12.172 UTC,12,34.019468207672979
FUgawNJkI5,Barbell Bench Press,2019-10-17 13:54:12.172 UTC,5,77.110794604058754
FUgawNJkI5,Barbell Bench Press,2019-10-17 13:54:12.172 UTC,5,77.110794604058754
FUgawNJkI5,Running - Treadmill,2019-10-17 13:54:12.172 UTC,0,0.0
FUgawNJkI5,Barbell Bench Press,2019-10-17 13:54:12.172 UTC,5,77.110794604058754
FUgawNJkI5,Barbell Bench Press,2019-10-17 13:54:12.172 UTC,2,52.16318458509857
FUgawNJkI5,Tricep Overhead Extension with Rope,2019-10-17 13:54:12.172 UTC,5,18.143716377425591
FUgawNJkI5,Tricep Overhead Extension with Rope,2019-10-17 13:54:12.172 UTC,12,34.019468207672979
sfTbi4JpaH,Running - Treadmill,2019-10-17 13:54:12.172 UTC,0,0.0
FUgawNJkI5,Tricep Overhead Extension with Rope,2019-10-17 13:54:12.172 UTC,4,24.947610018960187
FUgawNJkI5,Barbell Bench Press,2019-10-17 13:54:12.172 UTC,1,74.842830056880558
FUgawNJkI5,Barbell Bench Press,2019-10-17 13:54:12.172 UTC,5,77.110794604058754
FUgawNJkI5,Tricep Overhead Extension with Rope,2019-10-17 13:54:12.172 UTC,6,13.607787283069193
S57jpcYewk,Incline Dumbbell Row,2019-10-16 01:14:23.316 UTC,6,11.339822735890994
S57jpcYewk,Dumbbell Row,2019-10-16 01:14:23.316 UTC,10,22.679645471781988
S57jpcYewk,Cable Russian Twists,2019-10-16 01:14:23.316 UTC,15,11.339822735890994
S57jpcYewk,Cable Russian Twists,2019-10-16 01:14:23.316 UTC,15,11.339822735890994
S57jpcYewk,Pull Up,2019-10-16 01:14:23.316 UTC,13,0.0
S57jpcYewk,Barbell Curl,2019-10-16 01:14:23.316 UTC,6,29.483539113316585
S57jpcYewk,Cable Russian Twists,2019-10-16 01:14:23.316 UTC,15,11.339822735890994
S57jpcYewk,Incline Dumbbell Row,2019-10-16 01:14:23.316 UTC,6,11.339822735890994
S57jpcYewk,Incline Dumbbell Row,2019-10-16 01:14:23.316 UTC,6,11.339822735890994
S57jpcYewk,Dumbbell Row,2019-10-16 01:14:23.316 UTC,4,15.87575183024739
S57jpcYewk,Dumbbell Row,2019-10-16 01:14:23.316 UTC,10,22.679645471781988
S57jpcYewk,Barbell Curl,2019-10-16 01:14:23.316 UTC,6,29.483539113316585
S57jpcYewk,Barbell Curl,2019-10-16 01:14:23.316 UTC,1,24.947610018960187
S57jpcYewk,Pull Up,2019-10-16 01:14:23.316 UTC,15,0.0
S57jpcYewk,Incline Dumbbell Row,2019-10-16 01:14:23.316 UTC,6,11.339822735890994
S57jpcYewk,Dumbbell Row,2019-10-16 01:14:23.316 UTC,10,22.679645471781988
S57jpcYewk,Barbell Curl,2019-10-16 01:14:23.316 UTC,5,20.41168092460379
S57jpcYewk,Dumbbell Row,2019-10-16 01:14:23.316 UTC,10,22.679645471781988
S57jpcYewk,Pull Up,2019-10-16 01:14:23.316 UTC,11,0.0
S57jpcYewk,Elliptical,2019-10-16 01:14:23.316 UTC,0,0.0
S57jpcYewk,Pull Up,2019-10-16 01:14:23.316 UTC,15,0.0
S57jpcYewk,Barbell Curl,2019-10-16 01:14:23.316 UTC,6,29.483539113316585
S57jpcYewk,Barbell Curl,2019-10-16 01:14:23.316 UTC,6,29.483539113316585
9oHUffKg3i,Elliptical,2019-10-16 01:14:23.316 UTC,0,0.0
S57jpcYewk,Barbell Curl,2019-10-16 01:14:23.316 UTC,6,29.483539113316585
xNZ85l1XlM,Pulse Lunge,2019-10-13 18:50:10.741 UTC,8,0.0
xNZ85l1XlM,Bosu Ball Plank,2019-10-13 18:50:10.741 UTC,0,0.0
xNZ85l1XlM,Child's Pose,2019-10-13 18:50:10.741 UTC,0,0.0
xNZ85l1XlM,Cable Hip Abduction,2019-10-13 18:50:10.741 UTC,10,6.8038936415345965
xNZ85l1XlM,Cable Hip Abduction,2019-10-13 18:50:10.741 UTC,10,6.8038936415345965
xNZ85l1XlM,Back Extensions,2019-10-13 18:50:10.741 UTC,22,0.0
xNZ85l1XlM,Sled Pull,2019-10-13 18:50:10.741 UTC,10,20.41168092460379
xNZ85l1XlM,Cat Cow,2019-10-13 18:50:10.741 UTC,8,0.0
xNZ85l1XlM,Sled Pull,2019-10-13 18:50:10.741 UTC,10,6.8038936415345965
xNZ85l1XlM,Standing Forward Bend,2019-10-13 18:50:10.741 UTC,0,0.0
xNZ85l1XlM,Back Squat,2019-10-13 18:50:10.741 UTC,5,20.41168092460379
xNZ85l1XlM,Standing Forward Bend,2019-10-13 18:50:10.741 UTC,0,0.0
xNZ85l1XlM,Running - Treadmill,2019-10-13 18:50:10.741 UTC,0,0.0
xNZ85l1XlM,Back Extensions,2019-10-13 18:50:10.741 UTC,22,0.0
xNZ85l1XlM,Stair Stepper,2019-10-13 18:50:10.741 UTC,0,0.0
xNZ85l1XlM,Child's Pose,2019-10-13 18:50:10.741 UTC,0,0.0
xNZ85l1XlM,TRX Figure Four Squat,2019-10-13 18:50:10.741 UTC,8,0.0
